Workbook

Sheet Cover
A1: UK major port freight traffic by cargo type and year (filter by direction and route) from 2000
A2: About this data
A3: Description: This table provides all traffic through UK major ports, for all cargo types by year from 2000, with filters for measure (tonnage, units or TEU), direction and route.
A4: Definitions: Bulk Fuels are cargo which is used for the production of energy, including liquefied gas, crude oil, oil products, coal Main Freight is a subset of unitised goods consisting of all containers and those Ro-Ro units designed to carry freight including all container (Lo-Lo) traffic, road goods vehicles and trailers, unaccompanied road goods vehicle trailers and rail wagons, shipborne trailers, barges engaged in goods transport. TEU (twenty-foot equivalent units) is a standardised measure to allow for the diferent sizes of container boxes. See the Notes and Definitions for a breakdown of the measure.
A5: Author: Maritime Statistics
A6: Source: Department for Transport: Port Freight Statistics
A7: Link to publication on GOV.UK: Port Freight Statistics Publication
A8: Last updated: July 2026
A9: Next update: Summer 2027
A10: The statistics presented in this spreadsheet were independently reviewed by the Office for Statistics Regulation in December 2018 and are therefore labelled ‘accredited official statistics’
A11: Contact
A12: maritime.stats@dft.gov.uk
... A15: Technical Note

Sheet Contents
A1: Table of contents
A2: This worksheet contains 1 table.
A3: Worksheet name | B3: Worksheet description
A4: PORT0201 | B4: This table provides all traffic through UK major ports, for all cargo types by year from 2000, with filters for measure (tonnage, units or TEU), direction and route.
A5: Notes | B5: A table of notes and caveats used in the tables.

Sheet port0201
A1: Table PORT0201: UK major port freight traffic by cargo type and year (filter by direction and route) from 2000
A2: To view the data in this table, you will need to 'enable editing'. You can either click on the yellow banner at the top or use F2 and select enable content.
A3: This worksheet contains one table and formulas are used in the table, to see the underlying data use the "Data" sheet. Notes are used throughout, please see the notes tab to find the related note text.
A4: The figures in this table are in thousand tonnes or thousand units. Displayed figures might not sum up to the displayed totals due to rounding.
A5: Some shorthand is used in this table. "0" is absolute zero, "z" is not applicable, "LOW" means the figure is less than half of the smallest unit displayed and [r] is where the datapoint has been revised since the last release.
A6: Filters are used throughout this table. The drop-down menus are available in cell B7, B8 and B9, to use the filter, select the cell, then either click on the arrow and select the value or hold alt and the down arrow then use the left and right arrows to select the value.
A7: Direction | B7: Both Directions
A8: Metric | B8: Tonnage
A9: Type of Route [Note 1] | B9: All Routes
A10: Cargo Group | B10: Cargo Category | C10: 2000 | D10: 2001 | E10: 2002 | F10: 2003 | G10: 2004 | H10: 2005 | I10: 2006 | J10: 2007 | K10: 2008 | L10: 2009 | M10: 2010 | N10: 2011 | O10: 2012 | P10: 2013 | Q10: 2014 | R10: 2015 | S10: 2016 | T10: 2017 | U10: 2018 | V10: 2019 [Note 5, 6] | W10: 2020 [Note 4, 6] | X10: 2021 [Note 6] | Y10: 2022 [Note 6] | Z10: 2023 [Note 6] | AA10: 2024 | AB10: 2025 [Note 7]
A11: Liquid Bulk | B11: Liquefied gas | C11: =Working!D6 -> 6499.735 | D11: =Working!E6 -> 8051.473 | E11: =Working!F6 -> 7850.18 | F11: =Working!G6 -> 7542.956 | G11: =Working!H6 -> 7410.348 | H11: =Working!I6 -> 7899.554 | I11: =Working!J6 -> 9470.601 | J11: =Working!K6 -> 7901.754 | ... AB11: =Working!AC6 -> 16954.295
A12: Liquid Bulk | B12: Crude oil | C12: =Working!D7 -> 184344.35 | D12: =Working!E7 -> 168557.06 | E12: =Working!F7 -> 172523.73 | F12: =Working!G7 -> 160318.89 | G12: =Working!H7 -> 161595.49 | H12: =Working!I7 -> 153498.95 | I12: =Working!J7 -> 142200.27 | J12: =Working!K7 -> 140131.86 | ... AB12: =Working!AC7 -> 62509.23
A13: Liquid Bulk | B13: Oil products | C13: =Working!D8 -> 86249.525 | D13: =Working!E8 -> 82592.958 | E13: =Working!F8 -> 78163.916 | F13: =Working!G8 -> 80351.013 | G13: =Working!H8 -> 85975.959 | H13: =Working!I8 -> 89000.682 | I13: =Working!J8 -> 85119.501 | J13: =Working!K8 -> 85960.272 | ... AB13: =Working!AC8 -> 72004.882
A14: Liquid Bulk | B14: Other liquid bulk products | C14: =Working!D9 -> 13456.65 | D14: =Working!E9 -> 14332.779 | E14: =Working!F9 -> 12257.988 | F14: =Working!G9 -> 12086.552 | G14: =Working!H9 -> 12451.715 | H14: =Working!I9 -> 12767.421 | I14: =Working!J9 -> 13597.769 | J14: =Working!K9 -> 14598.533 | ... AB14: =Working!AC9 -> 8519.245
A15: All liquid bulk | B15: All liquid bulk | C15: =Working!D10 -> 290550.26 | D15: =Working!E10 -> 273534.27 | E15: =Working!F10 -> 270795.81 | F15: =Working!G10 -> 260299.41 | G15: =Working!H10 -> 267433.51 | H15: =Working!I10 -> 263166.6 | I15: =Working!J10 -> 250388.14 | J15: =Working!K10 -> 248592.42 | ... AB15: =Working!AC10 -> 159987.65
A16: Dry Bulk | B16: Ores | C16: =Working!D11 -> 20318.624 | D16: =Working!E11 -> 19559.76 | E16: =Working!F11 -> 17009.198 | F16: =Working!G11 -> 17988.786 | G16: =Working!H11 -> 17826.584 | H16: =Working!I11 -> 17940.509 | I16: =Working!J11 -> 18300.511 | J16: =Working!K11 -> 19144.281 | ... AB16: =Working!AC11 -> 9963.657
A17: Dry Bulk | B17: Coal | C17: =Working!D12 -> 27830.277 | D17: =Working!E12 -> 39919.835 | E17: =Working!F12 -> 32998.074 | F17: =Working!G12 -> 37280.728 | G17: =Working!H12 -> 41315.997 | H17: =Working!I12 -> 51787.366 | I17: =Working!J12 -> 57281.96 | J17: =Working!K12 -> 47426.647 | ... AB17: =Working!AC12 -> 4358.873
A18: Dry Bulk | B18: Agricultural products | C18: =Working!D13 -> 14106.536 | D18: =Working!E13 -> 13026.302 | E18: =Working!F13 -> 13061.469 | F18: =Working!G13 -> 14751.974 | G18: =Working!H13 -> 12924.524 | H18: =Working!I13 -> 13607.652 | I18: =Working!J13 -> 13095.04 | J18: =Working!K13 -> 12745.616 | ... AB18: =Working!AC13 -> 10888.209
A19: Dry Bulk | B19: Wood pellets [Note 7] | C19: =Working!D14 -> 0 | D19: =Working!E14 -> 0 | E19: =Working!F14 -> 0 | F19: =Working!G14 -> 0 | G19: =Working!H14 -> 0 | H19: =Working!I14 -> 0 | I19: =Working!J14 -> 0 | J19: =Working!K14 -> 0 | ... AB19: =Working!AC14 -> 9935.277
A20: Dry Bulk | B20: Other dry bulk | C20: =Working!D15 -> 41347.061 | D20: =Working!E15 -> 42480.347 | E20: =Working!F15 -> 43673.663 | F20: =Working!G15 -> 44407.473 | G20: =Working!H15 -> 42122.459 | H20: =Working!I15 -> 42232.211 | I20: =Working!J15 -> 44402.503 | J20: =Working!K15 -> 46066.558 | ... AB20: =Working!AC15 -> 43589.871
A21: All dry bulk | B21: All dry bulk | C21: =Working!D16 -> 103602.5 | D21: =Working!E16 -> 114986.24 | E21: =Working!F16 -> 106742.4 | F21: =Working!G16 -> 114428.96 | G21: =Working!H16 -> 114189.56 | H21: =Working!I16 -> 125567.74 | I21: =Working!J16 -> 133080.01 | J21: =Working!K16 -> 125383.1 | ... AB21: =Working!AC16 -> 78735.887
A22: Container (Lo-Lo) traffic | B22: 20' containers | C22: =Working!D17 -> 23042.378 | D22: =Working!E17 -> 22156.339 | E22: =Working!F17 -> 19900.424 | F22: =Working!G17 -> 19855.484 | G22: =Working!H17 -> 21013.069 | H22: =Working!I17 -> 19678.151 | I22: =Working!J17 -> 18547.524 | J22: =Working!K17 -> 19087.891 | ... AB22: =Working!AC17 -> 17760.956
... A47: All main freight | B47: All main freight | C47: =Working!D42 -> 131231.61 | D47: =Working!E42 -> 128913.58 | E47: =Working!F42 -> 131308.24 | F47: =Working!G42 -> 131918.96 | G47: =Working!H42 -> 142518.23 | H47: =Working!I42 -> 147188.48 | I47: =Working!J42 -> 151254.74 | J47: =Working!K42 -> 157630.94 | ... AB47: =Working!AC42 -> 158100.7

Sheet Notes
A1: Notes table for PORT0201
A2: This worksheet contains 1 table.
A3: This sheet includes information relevant to the data in these tables. Corresponding note numbers are labelled where relevant in the data tables.
A4: Note number | B4: Note text
A5: Note 1 | B5: Unspecified routes are routes where the port of load/unload was not provided by the data suppliers.
A6: Note 2 | B6: For container figures after 2004 are not directly comparable with earlier years. Please see the section "Port freight statistics: unitised traffic category changes from 2000" of the Notes and Definitions for details (link below to the technical notes). This does not affect other cargo categories or totals.
A7: Note 3 | B7: Bulk fuels include liquified gas, crude oil, oil products and coal. Other bulks includes other liquid bulk products, ores, agricultural products and other dry bulk.
A8: Note 4 | B8: Ports were affected by measures to prevent and reduce the global spread of Covid-19 throughout 2020, as well as the EU transition period. The extent of the impact of either are not quantified in this data series, however comparative analysis and commentary are included in the release.
A9: Note 5 | B9: Data for roll-on/roll-off traffic for Hull in 2019 has been revised.
A10: Note 6 | B10: Data for container (lo-lo) and roll-on/roll-off traffic for London from 2019 to 2023 has been revised.
A11: Note 7 | B11: In 2025, freight traffic data on two new cargo type breakdowns were collected from major UK ports: wood pellets (previously categorised as ‘other dry bulk’) and wind farm products (previously categorised as ‘other general cargo’). Totals for ‘other dry bulk’ and ‘other general cargo’ will appear lower in 2025 due to this cargo recategorisation.

Sheet Data
A1: Data sheet for PORT0201
A2: This worksheet contains 1 table.
A3: This sheet includes the data presented in PORT0201.
A4: Year | B4: CargoCode | C4: Direction | D4: Tonnage | E4: Units | F4: Region | G4: TEU | H4: Dummy
A5: 2000 | B5: 11 | C5: Both Directions | D5: 2374.6875 | E5: 0 | F5: Domestic | H5: 1
A6: 2000 | B6: 11 | C6: Both Directions | D6: 4115.3066 | E6: 0 | F6: International | H6: 1
A7: 2000 | B7: 11 | C7: Both Directions | D7: 9.740905 | E7: 0 | F7: Unspecified | H7: 1
A8: 2000 | B8: 11 | C8: Inwards | D8: 1185.7779 | E8: 0 | F8: Domestic | H8: 1
A9: 2000 | B9: 11 | C9: Inwards | D9: 580.06664 | E9: 0 | F9: International | H9: 1
A10: 2000 | B10: 11 | C10: Inwards | D10: 1.0524405 | E10: 0 | F10: Unspecified | H10: 1
A11: 2000 | B11: 11 | C11: Outwards | D11: 3535.2399 | E11: 0 | F11: International | H11: 1
A12: 2000 | B12: 11 | C12: Outwards | D12: 8.6884645 | E12: 0 | F12: Unspecified | H12: 1
A13: 2000 | B13: 11 | C13: Outwards | D13: 1188.9096 | E13: 0 | F13: Domestic | H13: 1
A14: 2000 | B14: 12 | C14: Both Directions | D14: 101.146 | E14: 0 | F14: Unspecified | H14: 1
A15: 2000 | B15: 12 | C15: Both Directions | D15: 61409.377 | E15: 0 | F15: Domestic | H15: 1
A16: 2000 | B16: 12 | C16: Both Directions | D16: 122833.83 | E16: 0 | F16: International | H16: 1
... A75: 2000 | B75: 29 | C75: Outwards | D75: 3.9960758 | E75: 0 | F75: Unspecified | H75: 1
A76: 2000 | B76: 31 | C76: Both Directions | D76: 75.41766 | E76: 42.386476 | F76: Unspecified | G76: 42.386478 | H76: 1
A77: 2000 | B77: 31 | C77: Both Directions | D77: 870.28506 | E77: 91.652042 | F77: Domestic | G77: 91.652045 | H77: 1
A78: 2000 | B78: 31 | C78: Both Directions | D78: 22096.675 | E78: 1766.9685 | F78: International | G78: 1766.9685 | H78: 1
A79: 2000 | B79: 31 | C79: Inwards | D79: 490.84769 | E79: 45.936767 | F79: Domestic | G79: 45.936777 | H79: 1
A80: 2000 | B80: 31 | C80: Inwards | D80: 12037.105 | E80: 911.44949 | F80: International | G80: 911.44956 | H80: 1
A81: 2000 | B81: 31 | C81: Inwards | D81: 15.479346 | E81: 4.4157413 | F81: Unspecified | G81: 4.4157416 | H81: 1
A82: 2000 | B82: 31 | C82: Outwards | D82: 59.938314 | E82: 37.970735 | F82: Unspecified | G82: 37.970736 | H82: 1
A83: 2000 | B83: 31 | C83: Outwards | D83: 10059.57 | E83: 855.51899 | F83: International | G83: 855.51895 | H83: 1
A84: 2000 | B84: 31 | C84: Outwards | D84: 379.43738 | E84: 45.715275 | F84: Domestic | G84: 45.715268 | H84: 1
A85: 2000 | B85: 32 | C85: Both Directions | D85: 1184.0292 | E85: 121.58501 | F85: Domestic | G85: 243.16996 | H85: 1
A86: 2000 | B86: 32 | C86: Both Directions | D86: 25273.468 | E86: 2064.882 | F86: International | G86: 4129.7637 | H86: 1
A87: 2000 | B87: 32 | C87: Both Directions | D87: 13.586742 | E87: 64.393039 | F87: Unspecified | G87: 128.7861 | H87: 1
... A110: 2000 | B110: 34 | C110: Outwards | D110: 2.4877971 | E110: 0.90979846 | F110: Domestic | G110: 2.047047 | H110: 1
A111: 2000 | B111: 51 | C111: Both Directions | D111: 7172.8837 | E111: 606.76382 | F111: Domestic | H111: 1
A112: 2000 | B112: 51 | C112: Both Directions | D112: 28043.723 | E112: 2439.4892 | F112: International | H112: 1
A113: 2000 | B113: 51 | C113: Both Directions | D113: 28.46 | E113: 19.132 | F113: Unspecified | H113: 1
A114: 2000 | B114: 51 | C114: Inwards | D114: 28.386 | E114: 19.125 | F114: Unspecified | H114: 1
A115: 2000 | B115: 51 | C115: Inwards | D115: 3729.5081 | E115: 302.50479 | F115: Domestic | H115: 1
A116: 2000 | B116: 51 | C116: Inwards | D116: 15875.638 | E116: 1210.4332 | F116: International | H116: 1
A117: 2000 | B117: 51 | C117: Outwards | D117: 0.074 | E117: 0.007 | F117: Unspecified | H117: 1
A118: 2000 | B118: 51 | C118: Outwards | D118: 3443.3756 | E118: 304.25903 | F118: Domestic | H118: 1
A119: 2000 | B119: 51 | C119: Outwards | D119: 12168.085 | E119: 1229.056 | F119: International | H119: 1
A120: 2000 | B120: 52 | C120: Both Directions | D120: 0 | E120: 0.001 | F120: Unspecified | H120: 1
A121: 2000 | B121: 52 | C121: Both Directions | D121: 0 | E121: 1329.3059 | F121: Domestic | H121: 1
A122: 2000 | B122: 52 | C122: Both Directions | D122: 0 | E122: 5146.7291 | F122: International | H122: 1
... A286: 2001 | B286: 29 | C286: Outwards | D286: 40.380681 | E286: 0 | F286: Unspecified | H286: 1
A287: 2001 | B287: 31 | C287: Both Directions | D287: 20982.327 | E287: 1708.3355 | F287: International | G287: 1708.3354 | H287: 1
A288: 2001 | B288: 31 | C288: Both Directions | D288: 85.545225 | E288: 49.556552 | F288: Unspecified | G288: 49.556546 | H288: 1
A289: 2001 | B289: 31 | C289: Both Directions | D289: 1088.4665 | E289: 149.34092 | F289: Domestic | G289: 149.34091 | H289: 1
A290: 2001 | B290: 31 | C290: Inwards | D290: 11582.684 | E290: 885.0018 | F290: International | G290: 885.00176 | H290: 1
A291: 2001 | B291: 31 | C291: Inwards | D291: 81.948868 | E291: 12.060931 | F291: Unspecified | G291: 12.060926 | H291: 1
A292: 2001 | B292: 31 | C292: Inwards | D292: 516.69129 | E292: 74.911264 | F292: Domestic | G292: 74.911266 | H292: 1
A293: 2001 | B293: 31 | C293: Outwards | D293: 3.5963563 | E293: 37.495621 | F293: Unspecified | G293: 37.49562 | H293: 1
A294: 2001 | B294: 31 | C294: Outwards | D294: 9399.6434 | E294: 823.33373 | F294: International | G294: 823.33364 | H294: 1
A295: 2001 | B295: 31 | C295: Outwards | D295: 571.7752 | E295: 74.429654 | F295: Domestic | G295: 74.429644 | H295: 1
A296: 2001 | B296: 32 | C296: Both Directions | D296: 1199.6602 | E296: 117.94256 | F296: Domestic | G296: 235.88511 | H296: 1
A297: 2001 | B297: 32 | C297: Both Directions | D297: 133.44273 | E297: 70.325923 | F297: Unspecified | G297: 140.65184 | H297: 1
A298: 2001 | B298: 32 | C298: Both Directions | D298: 24894.535 | E298: 2102.6525 | F298: International | G298: 4205.3051 | H298: 1
... A321: 2001 | B321: 34 | C321: Outwards | D321: 652.30758 | E321: 73.936918 | F321: International | G321: 166.35807 | H321: 1
A322: 2001 | B322: 51 | C322: Both Directions | D322: 30077.153 | E322: 2884.666 | F322: International | H322: 1
A323: 2001 | B323: 51 | C323: Both Directions | D323: 7102.6203 | E323: 633.93997 | F323: Domestic | H323: 1
A324: 2001 | B324: 51 | C324: Inwards | D324: 3634.2829 | E324: 316.49578 | F324: Domestic | H324: 1
A325: 2001 | B325: 51 | C325: Inwards | D325: 17845.783 | E325: 1502.6212 | F325: International | H325: 1
A326: 2001 | B326: 51 | C326: Outwards | D326: 12231.37 | E326: 1382.0448 | F326: International | H326: 1
A327: 2001 | B327: 51 | C327: Outwards | D327: 3468.3374 | E327: 317.4442 | F327: Domestic | H327: 1
A328: 2001 | B328: 52 | C328: Both Directions | D328: 0 | E328: 1269.8138 | F328: Domestic | H328: 1
A329: 2001 | B329: 52 | C329: Both Directions | D329: 0 | E329: 4827.8602 | F329: International | H329: 1
A330: 2001 | B330: 52 | C330: Inwards | D330: 0 | E330: 2321.5954 | F330: International | H330: 1
A331: 2001 | B331: 52 | C331: Inwards | D331: 0 | E331: 637.18861 | F331: Domestic | H331: 1
A332: 2001 | B332: 52 | C332: Outwards | D332: 0 | E332: 2506.2648 | F332: International | H332: 1
A333: 2001 | B333: 52 | C333: Outwards | D333: 0 | E333: 632.62522 | F333: Domestic | H333: 1
... A491: 2002 | B491: 29 | C491: Outwards | D491: 121.83 | E491: 0 | F491: Unspecified | H491: 1
A492: 2002 | B492: 31 | C492: Both Directions | D492: 18829.681 | E492: 1607.0695 | F492: International | G492: 1607.0695 | H492: 1
A493: 2002 | B493: 31 | C493: Both Directions | D493: 952.0168 | E493: 132.42179 | F493: Domestic | G493: 132.4218 | H493: 1
A494: 2002 | B494: 31 | C494: Both Directions | D494: 118.72636 | E494: 43.837756 | F494: Unspecified | G494: 43.83775 | H494: 1
A495: 2002 | B495: 31 | C495: Inwards | D495: 10643.368 | E495: 831.95456 | F495: International | G495: 831.95457 | H495: 1
A496: 2002 | B496: 31 | C496: Inwards | D496: 107.02556 | E496: 13.398094 | F496: Unspecified | G496: 13.398094 | H496: 1
A497: 2002 | B497: 31 | C497: Inwards | D497: 446.38408 | E497: 67.140343 | F497: Domestic | G497: 67.140355 | H497: 1
A498: 2002 | B498: 31 | C498: Outwards | D498: 11.700796 | E498: 30.439663 | F498: Unspecified | G498: 30.439655 | H498: 1
A499: 2002 | B499: 31 | C499: Outwards | D499: 505.63272 | E499: 65.281443 | F499: Domestic | G499: 65.281449 | H499: 1
A500: 2002 | B500: 31 | C500: Outwards | D500: 8186.3125 | E500: 775.11489 | F500: International | G500: 775.11494 | H500: 1
A501: 2002 | B501: 32 | C501: Both Directions | D501: 194.7234 | E501: 71.604067 | F501: Unspecified | G501: 143.20813 | H501: 1
A502: 2002 | B502: 32 | C502: Both Directions | D502: 1265.1339 | E502: 113.83049 | F502: Domestic | G502: 227.66097 | H502: 1
A503: 2002 | B503: 32 | C503: Both Directions | D503: 25305.849 | E503: 2210.7684 | F503: International | G503: 4421.537 | H503: 1
... A525: 2002 | B525: 34 | C525: Outwards | D525: 21.590024 | E525: 4.4474659 | F525: Domestic | G525: 10.006797 | H525: 1
A526: 2002 | B526: 51 | C526: Both Directions | D526: 31571.369 | E526: 2792.7888 | F526: International | H526: 1
A527: 2002 | B527: 51 | C527: Both Directions | D527: 7352.7532 | E527: 633.80415 | F527: Domestic | H527: 1
A528: 2002 | B528: 51 | C528: Inwards | D528: 18921.314 | E528: 1398.7872 | F528: International | H528: 1
A529: 2002 | B529: 51 | C529: Inwards | D529: 3713.5934 | E529: 314.21878 | F529: Domestic | H529: 1
A530: 2002 | B530: 51 | C530: Outwards | D530: 12650.055 | E530: 1394.0016 | F530: International | H530: 1
A531: 2002 | B531: 51 | C531: Outwards | D531: 3639.1598 | E531: 319.58538 | F531: Domestic | H531: 1
A532: 2002 | B532: 52 | C532: Both Directions | D532: 0 | E532: 5340.2931 | F532: International | H532: 1
A533: 2002 | B533: 52 | C533: Both Directions | D533: 0 | E533: 1368.7039 | F533: Domestic | H533: 1
A534: 2002 | B534: 52 | C534: Both Directions | D534: 0 | E534: 0 | F534: Unspecified | H534: 1
A535: 2002 | B535: 52 | C535: Inwards | D535: 0 | E535: 694.20589 | F535: Domestic | H535: 1
A536: 2002 | B536: 52 | C536: Inwards | D536: 0 | E536: 2673.7611 | F536: International | H536: 1
A537: 2002 | B537: 52 | C537: Outwards | D537: 0 | E537: 674.49804 | F537: Domestic | H537: 1
... A681: 2003 | B681: 29 | C681: Outwards | D681: 11072.682 | E681: 0 | F681: International | H681: 1
A682: 2003 | B682: 31 | C682: Both Directions | D682: 866.56524 | E682: 122.49634 | F682: Domestic | G682: 122.49634 | H682: 1
A683: 2003 | B683: 31 | C683: Both Directions | D683: 18934.281 | E683: 1576.7555 | F683: International | G683: 1576.7553 | H683: 1
A684: 2003 | B684: 31 | C684: Both Directions | D684: 54.63733 | E684: 47.051145 | F684: Unspecified | G684: 47.051146 | H684: 1
A685: 2003 | B685: 31 | C685: Inwards | D685: 10682.943 | E685: 828.64166 | F685: International | G685: 828.64162 | H685: 1
A686: 2003 | B686: 31 | C686: Inwards | D686: 43.557382 | E686: 5.4061633 | F686: Unspecified | G686: 5.4061637 | H686: 1
...

Sheet Working
A1: Working Version PORT0201: UK major port freight traffic by cargo type and year (filter by direction and route) from 2000
A2: NOTE: Colours refer to cells that have identical formulae | G2: =port0201!$B$8 -> Tonnage | H2: =CONCATENATE("Thousand ",CHOOSE(VLOOKUP(port0201!$B$8,Lookup!$A$1:$B$3,2,FALSE),"tonnes","units","TEUs")) -> Thousand tonnes | AD2: Totals Check
C3: Route | D3: =port0201!$B$9 -> All Routes | E3: =port0201!$B$9 -> All Routes | F3: =port0201!$B$9 -> All Routes | G3: =port0201!$B$9 -> All Routes | H3: =port0201!$B$9 -> All Routes | I3: =port0201!$B$9 -> All Routes | J3: =port0201!$B$9 -> All Routes | K3: =port0201!$B$9 -> All Routes | ... AC3: =port0201!$B$9 -> All Routes
C4: Direction | D4: =port0201!$B$7 -> Both Directions | E4: =port0201!$B$7 -> Both Directions | F4: =port0201!$B$7 -> Both Directions | G4: =port0201!$B$7 -> Both Directions | H4: =port0201!$B$7 -> Both Directions | I4: =port0201!$B$7 -> Both Directions | J4: =port0201!$B$7 -> Both Directions | K4: =port0201!$B$7 -> Both Directions | ... AC4: =port0201!$B$7 -> Both Directions
A5: Cargo Group | B5: Cargo Categories, [Groups] | C5: Year | D5: 2000 | E5: 2001 | F5: 2002 | G5: 2003 | H5: 2004 | I5: 2005 | J5: 2006 | K5: 2007 | L5: 2008 | M5: 2009 | N5: 2010 | O5: 2011 | P5: 2012 | Q5: 2013 | R5: 2014 | S5: 2015 | T5: 2016 | U5: 2017 | V5: 2018 | W5: 2019 | X5: 2020 | Y5: 2021 | Z5: 2022 | AA5: 2023 | AB5: 2024 | AC5: 2025 | AE5: % change | AF5: absolute change | AK5: % Difference
A6: Liquid bulk | B6: 11 | C6: Liquefied gas | D6: =IF(port0201!$B$9="All Routes",IF(port0201!$B$8<>"Tonnage","z",ROUND(SUMIFS(Data!$D:$D,Data!$A:$A,D$5,Data!$C:$C,D$4,Data!$B:$B,$B6),3)),IF(port0201!$B$8<>"Tonnage","z",ROUND(SUMIFS(Data!$D:$D,Data!$A:$A,D$5,Data!$C:$C,D$4,Data!$B:$B,$B6,Data!$F:$F,port0201!$B$9),3))) -> 6499.735 | E6: =IF(port0201!$B$9="All Routes",IF(port0201!$B$8<>"Tonnage","z",ROUND(SUMIFS(Data!$D:$D,Data!$A:$A,E$5,Data!$C:$C,E$4,Data!$B:$B,$B6),3)),IF(port0201!$B$8<>"Tonnage","z",ROUND(SUMIFS(Data!$D:$D,Data!$A:$A,E$5,Data!$C:$C,E$4,Data!$B:$B,$B6,Data!$F:$F,port0201!$B$9),3))) -> 8051.473 | F6: =IF(port0201!$B$9="All Routes",IF(port0201!$B$8<>"Tonnage","z",ROUND(SUMIFS(Data!$D:$D,Data!$A:$A,F$5,Data!$C:$C,F$4,Data!$B:$B,$B6),3)),IF(port0201!$B$8<>"Tonnage","z",ROUND(SUMIFS(Data!$D:$D,Data!$A:$A,F$5,Data!$C:$C,F$4,Data!$B:$B,$B6,Data!$F:$F,port0201!$B$9),3))) -> 7850.18 | G6: =IF(port0201!$B$9="All Routes",IF(port0201!$B$8<>"Tonnage","z",ROUND(SUMIFS(Data!$D:$D,Data!$A:$A,G$5,Data!$C:$C,G$4,Data!$B:$B,$B6),3)),IF(port0201!$B$8<>"Tonnage","z",ROUND(SUMIFS(Data!$D:$D,Data!$A:$A,G$5,Data!$C:$C,G$4,Data!$B:$B,$B6,Data!$F:$F,port0201!$B$9),3))) -> 7542.956 | H6: =IF(port0201!$B$9="All Routes",IF(port0201!$B$8<>"Tonnage","z",ROUND(SUMIFS(Data!$D:$D,Data!$A:$A,H$5,Data!$C:$C,H$4,Data!$B:$B,$B6),3)),IF(port0201!$B$8<>"Tonnage","z",ROUND(SUMIFS(Data!$D:$D,Data!$A:$A,H$5,Data!$C:$C,H$4,Data!$B:$B,$B6,Data!$F:$F,port0201!$B$9),3))) -> 7410.348 | I6: =IF(port0201!$B$9="All Routes",IF(port0201!$B$8<>"Tonnage","z",ROUND(SUMIFS(Data!$D:$D,Data!$A:$A,I$5,Data!$C:$C,I$4,Data!$B:$B,$B6),3)),IF(port0201!$B$8<>"Tonnage","z",ROUND(SUMIFS(Data!$D:$D,Data!$A:$A,I$5,Data!$C:$C,I$4,Data!$B:$B,$B6,Data!$F:$F,port0201!$B$9),3))) -> 7899.554 | J6: =IF(port0201!$B$9="All Routes",IF(port0201!$B$8<>"Tonnage","z",ROUND(SUMIFS(Data!$D:$D,Data!$A:$A,J$5,Data!$C:$C,J$4,Data!$B:$B,$B6),3)),IF(port0201!$B$8<>"Tonnage","z",ROUND(SUMIFS(Data!$D:$D,Data!$A:$A,J$5,Data!$C:$C,J$4,Data!$B:$B,$B6,Data!$F:$F,port0201!$B$9),3))) -> 9470.601 | K6: =IF(port0201!$B$9="All Routes",IF(port0201!$B$8<>"Tonnage","z",ROUND(SUMIFS(Data!$D:$D,Data!$A:$A,K$5,Data!$C:$C,K$4,Data!$B:$B,$B6),3)),IF(port0201!$B$8<>"Tonnage","z",ROUND(SUMIFS(Data!$D:$D,Data!$A:$A,K$5,Data!$C:$C,K$4,Data!$B:$B,$B6,Data!$F:$F,port0201!$B$9),3))) -> 7901.754 | ... AC6: =IF(port0201!$B$9="All Routes",IF(port0201!$B$8<>"Tonnage","z",ROUND(SUMIFS(Data!$D:$D,Data!$A:$A,AC$5,Data!$C:$C,AC$4,Data!$B:$B,$B6),3)),IF(port0201!$B$8<>"Tonnage","z",ROUND(SUMIFS(Data!$D:$D,Data!$A:$A,AC$5,Data!$C:$C,AC$4,Data!$B:$B,$B6,Data!$F:$F,port0201!$B$9),3))) -> 16954.295 | AE6: =(AC6-AB6)/AB6 -> 0.21933265 | AF6: =AC6-AB6 -> 3049.726 | AH6: 111155 | AJ6: =AB6-AA6 -> -4050.383 | AK6: =AJ6/AA6 -> -0.22558584
A7: Liquid bulk | B7: 12 | C7: Crude oil | D7: =IF(port0201!$B$9="All Routes",IF(port0201!$B$8<>"Tonnage","z",ROUND(SUMIFS(Data!$D:$D,Data!$A:$A,D$5,Data!$C:$C,D$4,Data!$B:$B,$B7),3)),IF(port0201!$B$8<>"Tonnage","z",ROUND(SUMIFS(Data!$D:$D,Data!$A:$A,D$5,Data!$C:$C,D$4,Data!$B:$B,$B7,Data!$F:$F,port0201!$B$9),3))) -> 184344.35 | E7: =IF(port0201!$B$9="All Routes",IF(port0201!$B$8<>"Tonnage","z",ROUND(SUMIFS(Data!$D:$D,Data!$A:$A,E$5,Data!$C:$C,E$4,Data!$B:$B,$B7),3)),IF(port0201!$B$8<>"Tonnage","z",ROUND(SUMIFS(Data!$D:$D,Data!$A:$A,E$5,Data!$C:$C,E$4,Data!$B:$B,$B7,Data!$F:$F,port0201!$B$9),3))) -> 168557.06 | F7: =IF(port0201!$B$9="All Routes",IF(port0201!$B$8<>"Tonnage","z",ROUND(SUMIFS(Data!$D:$D,Data!$A:$A,F$5,Data!$C:$C,F$4,Data!$B:$B,$B7),3)),IF(port0201!$B$8<>"Tonnage","z",ROUND(SUMIFS(Data!$D:$D,Data!$A:$A,F$5,Data!$C:$C,F$4,Data!$B:$B,$B7,Data!$F:$F,port0201!$B$9),3))) -> 172523.73 | G7: =IF(port0201!$B$9="All Routes",IF(port0201!$B$8<>"Tonnage","z",ROUND(SUMIFS(Data!$D:$D,Data!$A:$A,G$5,Data!$C:$C,G$4,Data!$B:$B,$B7),3)),IF(port0201!$B$8<>"Tonnage","z",ROUND(SUMIFS(Data!$D:$D,Data!$A:$A,G$5,Data!$C:$C,G$4,Data!$B:$B,$B7,Data!$F:$F,port0201!$B$9),3))) -> 160318.89 | H7: =IF(port0201!$B$9="All Routes",IF(port0201!$B$8<>"Tonnage","z",ROUND(SUMIFS(Data!$D:$D,Data!$A:$A,H$5,Data!$C:$C,H$4,Data!$B:$B,$B7),3)),IF(port0201!$B$8<>"Tonnage","z",ROUND(SUMIFS(Data!$D:$D,Data!$A:$A,H$5,Data!$C:$C,H$4,Data!$B:$B,$B7,Data!$F:$F,port0201!$B$9),3))) -> 161595.49 | I7: =IF(port0201!$B$9="All Routes",IF(port0201!$B$8<>"Tonnage","z",ROUND(SUMIFS(Data!$D:$D,Data!$A:$A,I$5,Data!$C:$C,I$4,Data!$B:$B,$B7),3)),IF(port0201!$B$8<>"Tonnage","z",ROUND(SUMIFS(Data!$D:$D,Data!$A:$A,I$5,Data!$C:$C,I$4,Data!$B:$B,$B7,Data!$F:$F,port0201!$B$9),3))) -> 153498.95 | J7: =IF(port0201!$B$9="All Routes",IF(port0201!$B$8<>"Tonnage","z",ROUND(SUMIFS(Data!$D:$D,Data!$A:$A,J$5,Data!$C:$C,J$4,Data!$B:$B,$B7),3)),IF(port0201!$B$8<>"Tonnage","z",ROUND(SUMIFS(Data!$D:$D,Data!$A:$A,J$5,Data!$C:$C,J$4,Data!$B:$B,$B7,Data!$F:$F,port0201!$B$9),3))) -> 142200.27 | K7: =IF(port0201!$B$9="All Routes",IF(port0201!$B$8<>"Tonnage","z",ROUND(SUMIFS(Data!$D:$D,Data!$A:$A,K$5,Data!$C:$C,K$4,Data!$B:$B,$B7),3)),IF(port0201!$B$8<>"Tonnage","z",ROUND(SUMIFS(Data!$D:$D,Data!$A:$A,K$5,Data!$C:$C,K$4,Data!$B:$B,$B7,Data!$F:$F,port0201!$B$9),3))) -> 140131.86 | ... AC7: =IF(port0201!$B$9="All Routes",IF(port0201!$B$8<>"Tonnage","z",ROUND(SUMIFS(Data!$D:$D,Data!$A:$A,AC$5,Data!$C:$C,AC$4,Data!$B:$B,$B7),3)),IF(port0201!$B$8<>"Tonnage","z",ROUND(SUMIFS(Data!$D:$D,Data!$A:$A,AC$5,Data!$C:$C,AC$4,Data!$B:$B,$B7,Data!$F:$F,port0201!$B$9),3))) -> 62509.23 | AE7: =(AC7-AB7)/AB7 -> -0.11073644 | AF7: =AC7-AB7 -> -7784.025 | AH7: 137364 | AJ7: =AB7-AA7 -> -3390.832 | AK7: =AJ7/AA7 -> -0.046018511
A8: Liquid bulk | B8: 13 | C8: Oil products | D8: =IF(port0201!$B$9="All Routes",IF(port0201!$B$8<>"Tonnage","z",ROUND(SUMIFS(Data!$D:$D,Data!$A:$A,D$5,Data!$C:$C,D$4,Data!$B:$B,$B8),3)),IF(port0201!$B$8<>"Tonnage","z",ROUND(SUMIFS(Data!$D:$D,Data!$A:$A,D$5,Data!$C:$C,D$4,Data!$B:$B,$B8,Data!$F:$F,port0201!$B$9),3))) -> 86249.525 | E8: =IF(port0201!$B$9="All Routes",IF(port0201!$B$8<>"Tonnage","z",ROUND(SUMIFS(Data!$D:$D,Data!$A:$A,E$5,Data!$C:$C,E$4,Data!$B:$B,$B8),3)),IF(port0201!$B$8<>"Tonnage","z",ROUND(SUMIFS(Data!$D:$D,Data!$A:$A,E$5,Data!$C:$C,E$4,Data!$B:$B,$B8,Data!$F:$F,port0201!$B$9),3))) -> 82592.958 | F8: =IF(port0201!$B$9="All Routes",IF(port0201!$B$8<>"Tonnage","z",ROUND(SUMIFS(Data!$D:$D,Data!$A:$A,F$5,Data!$C:$C,F$4,Data!$B:$B,$B8),3)),IF(port0201!$B$8<>"Tonnage","z",ROUND(SUMIFS(Data!$D:$D,Data!$A:$A,F$5,Data!$C:$C,F$4,Data!$B:$B,$B8,Data!$F:$F,port0201!$B$9),3))) -> 78163.916 | G8: =IF(port0201!$B$9="All Routes",IF(port0201!$B$8<>"Tonnage","z",ROUND(SUMIFS(Data!$D:$D,Data!$A:$A,G$5,Data!$C:$C,G$4,Data!$B:$B,$B8),3)),IF(port0201!$B$8<>"Tonnage","z",ROUND(SUMIFS(Data!$D:$D,Data!$A:$A,G$5,Data!$C:$C,G$4,Data!$B:$B,$B8,Data!$F:$F,port0201!$B$9),3))) -> 80351.013 | H8: =IF(port0201!$B$9="All Routes",IF(port0201!$B$8<>"Tonnage","z",ROUND(SUMIFS(Data!$D:$D,Data!$A:$A,H$5,Data!$C:$C,H$4,Data!$B:$B,$B8),3)),IF(port0201!$B$8<>"Tonnage","z",ROUND(SUMIFS(Data!$D:$D,Data!$A:$A,H$5,Data!$C:$C,H$4,Data!$B:$B,$B8,Data!$F:$F,port0201!$B$9),3))) -> 85975.959 | I8: =IF(port0201!$B$9="All Routes",IF(port0201!$B$8<>"Tonnage","z",ROUND(SUMIFS(Data!$D:$D,Data!$A:$A,I$5,Data!$C:$C,I$4,Data!$B:$B,$B8),3)),IF(port0201!$B$8<>"Tonnage","z",ROUND(SUMIFS(Data!$D:$D,Data!$A:$A,I$5,Data!$C:$C,I$4,Data!$B:$B,$B8,Data!$F:$F,port0201!$B$9),3))) -> 89000.682 | J8: =IF(port0201!$B$9="All Routes",IF(port0201!$B$8<>"Tonnage","z",ROUND(SUMIFS(Data!$D:$D,Data!$A:$A,J$5,Data!$C:$C,J$4,Data!$B:$B,$B8),3)),IF(port0201!$B$8<>"Tonnage","z",ROUND(SUMIFS(Data!$D:$D,Data!$A:$A,J$5,Data!$C:$C,J$4,Data!$B:$B,$B8,Data!$F:$F,port0201!$B$9),3))) -> 85119.501 | K8: =IF(port0201!$B$9="All Routes",IF(port0201!$B$8<>"Tonnage","z",ROUND(SUMIFS(Data!$D:$D,Data!$A:$A,K$5,Data!$C:$C,K$4,Data!$B:$B,$B8),3)),IF(port0201!$B$8<>"Tonnage","z",ROUND(SUMIFS(Data!$D:$D,Data!$A:$A,K$5,Data!$C:$C,K$4,Data!$B:$B,$B8,Data!$F:$F,port0201!$B$9),3))) -> 85960.272 | ... AC8: =IF(port0201!$B$9="All Routes",IF(port0201!$B$8<>"Tonnage","z",ROUND(SUMIFS(Data!$D:$D,Data!$A:$A,AC$5,Data!$C:$C,AC$4,Data!$B:$B,$B8),3)),IF(port0201!$B$8<>"Tonnage","z",ROUND(SUMIFS(Data!$D:$D,Data!$A:$A,AC$5,Data!$C:$C,AC$4,Data!$B:$B,$B8,Data!$F:$F,port0201!$B$9),3))) -> 72004.882 | AE8: =(AC8-AB8)/AB8 -> 0.022271674 | AF8: =AC8-AB8 -> 1568.731 | AJ8: =AB8-AA8 -> 1335.593 | AK8: =AJ8/AA8 -> 0.019328252
A9: Liquid bulk | B9: 19 | C9: Other liquid bulk products | D9: =IF(port0201!$B$9="All Routes",IF(port0201!$B$8<>"Tonnage","z",ROUND(SUMIFS(Data!$D:$D,Data!$A:$A,D$5,Data!$C:$C,D$4,Data!$B:$B,$B9),3)),IF(port0201!$B$8<>"Tonnage","z",ROUND(SUMIFS(Data!$D:$D,Data!$A:$A,D$5,Data!$C:$C,D$4,Data!$B:$B,$B9,Data!$F:$F,port0201!$B$9),3))) -> 13456.65 | E9: =IF(port0201!$B$9="All Routes",IF(port0201!$B$8<>"Tonnage","z",ROUND(SUMIFS(Data!$D:$D,Data!$A:$A,E$5,Data!$C:$C,E$4,Data!$B:$B,$B9),3)),IF(port0201!$B$8<>"Tonnage","z",ROUND(SUMIFS(Data!$D:$D,Data!$A:$A,E$5,Data!$C:$C,E$4,Data!$B:$B,$B9,Data!$F:$F,port0201!$B$9),3))) -> 14332.779 | F9: =IF(port0201!$B$9="All Routes",IF(port0201!$B$8<>"Tonnage","z",ROUND(SUMIFS(Data!$D:$D,Data!$A:$A,F$5,Data!$C:$C,F$4,Data!$B:$B,$B9),3)),IF(port0201!$B$8<>"Tonnage","z",ROUND(SUMIFS(Data!$D:$D,Data!$A:$A,F$5,Data!$C:$C,F$4,Data!$B:$B,$B9,Data!$F:$F,port0201!$B$9),3))) -> 12257.988 | G9: =IF(port0201!$B$9="All Routes",IF(port0201!$B$8<>"Tonnage","z",ROUND(SUMIFS(Data!$D:$D,Data!$A:$A,G$5,Data!$C:$C,G$4,Data!$B:$B,$B9),3)),IF(port0201!$B$8<>"Tonnage","z",ROUND(SUMIFS(Data!$D:$D,Data!$A:$A,G$5,Data!$C:$C,G$4,Data!$B:$B,$B9,Data!$F:$F,port0201!$B$9),3))) -> 12086.552 | H9: =IF(port0201!$B$9="All Routes",IF(port0201!$B$8<>"Tonnage","z",ROUND(SUMIFS(Data!$D:$D,Data!$A:$A,H$5,Data!$C:$C,H$4,Data!$B:$B,$B9),3)),IF(port0201!$B$8<>"Tonnage","z",ROUND(SUMIFS(Data!$D:$D,Data!$A:$A,H$5,Data!$C:$C,H$4,Data!$B:$B,$B9,Data!$F:$F,port0201!$B$9),3))) -> 12451.715 | I9: =IF(port0201!$B$9="All Routes",IF(port0201!$B$8<>"Tonnage","z",ROUND(SUMIFS(Data!$D:$D,Data!$A:$A,I$5,Data!$C:$C,I$4,Data!$B:$B,$B9),3)),IF(port0201!$B$8<>"Tonnage","z",ROUND(SUMIFS(Data!$D:$D,Data!$A:$A,I$5,Data!$C:$C,I$4,Data!$B:$B,$B9,Data!$F:$F,port0201!$B$9),3))) -> 12767.421 | J9: =IF(port0201!$B$9="All Routes",IF(port0201!$B$8<>"Tonnage","z",ROUND(SUMIFS(Data!$D:$D,Data!$A:$A,J$5,Data!$C:$C,J$4,Data!$B:$B,$B9),3)),IF(port0201!$B$8<>"Tonnage","z",ROUND(SUMIFS(Data!$D:$D,Data!$A:$A,J$5,Data!$C:$C,J$4,Data!$B:$B,$B9,Data!$F:$F,port0201!$B$9),3))) -> 13597.769 | K9: =IF(port0201!$B$9="All Routes",IF(port0201!$B$8<>"Tonnage","z",ROUND(SUMIFS(Data!$D:$D,Data!$A:$A,K$5,Data!$C:$C,K$4,Data!$B:$B,$B9),3)),IF(port0201!$B$8<>"Tonnage","z",ROUND(SUMIFS(Data!$D:$D,Data!$A:$A,K$5,Data!$C:$C,K$4,Data!$B:$B,$B9,Data!$F:$F,port0201!$B$9),3))) -> 14598.533 | ... AC9: =IF(port0201!$B$9="All Routes",IF(port0201!$B$8<>"Tonnage","z",ROUND(SUMIFS(Data!$D:$D,Data!$A:$A,AC$5,Data!$C:$C,AC$4,Data!$B:$B,$B9),3)),IF(port0201!$B$8<>"Tonnage","z",ROUND(SUMIFS(Data!$D:$D,Data!$A:$A,AC$5,Data!$C:$C,AC$4,Data!$B:$B,$B9,Data!$F:$F,port0201!$B$9),3))) -> 8519.245 | AE9: =(AC9-AB9)/AB9 -> 0.0063239838 | AF9: =AC9-AB9 -> 53.537 | AJ9: =AB9-AA9 -> -59.46 | AK9: =AJ9/AA9 -> -0.0069746426
A10: Liquid bulk | B10: All Liquid Bulk | C10: All Routes liquid bulk traffic | D10: =IF(port0201!$B$8<>"Tonnage","z",ROUND(SUM(D6:D9),3)) -> 290550.26 | E10: =IF(port0201!$B$8<>"Tonnage","z",ROUND(SUM(E6:E9),3)) -> 273534.27 | F10: =IF(port0201!$B$8<>"Tonnage","z",ROUND(SUM(F6:F9),3)) -> 270795.81 | G10: =IF(port0201!$B$8<>"Tonnage","z",ROUND(SUM(G6:G9),3)) -> 260299.41 | H10: =IF(port0201!$B$8<>"Tonnage","z",ROUND(SUM(H6:H9),3)) -> 267433.51 | I10: =IF(port0201!$B$8<>"Tonnage","z",ROUND(SUM(I6:I9),3)) -> 263166.6 | J10: =IF(port0201!$B$8<>"Tonnage","z",ROUND(SUM(J6:J9),3)) -> 250388.14 | K10: =IF(port0201!$B$8<>"Tonnage","z",ROUND(SUM(K6:K9),3)) -> 248592.42 | ... AC10: =IF(port0201!$B$8<>"Tonnage","z",ROUND(SUM(AC6:AC9),3)) -> 159987.65 | AD10: =SUM(AB6:AB9)-AB10 -> 0 | AE10: =(AC10-AB10)/AB10 -> -0.019080546 | AF10: =AC10-AB10 -> -3112.031 | AG10: =AC10/AC36 -> 0.38134134 | AH10: =(AH7-AH6)/AH6 -> 0.23578786 | AJ10: =AB10-AA10 -> -6165.082 | AK10: =AJ10/AA10 -> -0.036422713
A11: Dry bulk | B11: 21 | C11: Ores | D11: =IF(port0201!$B$9="All Routes",IF(port0201!$B$8<>"Tonnage","z",ROUND(SUMIFS(Data!$D:$D,Data!$A:$A,D$5,Data!$C:$C,D$4,Data!$B:$B,$B11),3)),IF(port0201!$B$8<>"Tonnage","z",ROUND(SUMIFS(Data!$D:$D,Data!$A:$A,D$5,Data!$C:$C,D$4,Data!$B:$B,$B11,Data!$F:$F,port0201!$B$9),3))) -> 20318.624 | E11: =IF(port0201!$B$9="All Routes",IF(port0201!$B$8<>"Tonnage","z",ROUND(SUMIFS(Data!$D:$D,Data!$A:$A,E$5,Data!$C:$C,E$4,Data!$B:$B,$B11),3)),IF(port0201!$B$8<>"Tonnage","z",ROUND(SUMIFS(Data!$D:$D,Data!$A:$A,E$5,Data!$C:$C,E$4,Data!$B:$B,$B11,Data!$F:$F,port0201!$B$9),3))) -> 19559.76 | F11: =IF(port0201!$B$9="All Routes",IF(port0201!$B$8<>"Tonnage","z",ROUND(SUMIFS(Data!$D:$D,Data!$A:$A,F$5,Data!$C:$C,F$4,Data!$B:$B,$B11),3)),IF(port0201!$B$8<>"Tonnage","z",ROUND(SUMIFS(Data!$D:$D,Data!$A:$A,F$5,Data!$C:$C,F$4,Data!$B:$B,$B11,Data!$F:$F,port0201!$B$9),3))) -> 17009.198 | G11: =IF(port0201!$B$9="All Routes",IF(port0201!$B$8<>"Tonnage","z",ROUND(SUMIFS(Data!$D:$D,Data!$A:$A,G$5,Data!$C:$C,G$4,Data!$B:$B,$B11),3)),IF(port0201!$B$8<>"Tonnage","z",ROUND(SUMIFS(Data!$D:$D,Data!$A:$A,G$5,Data!$C:$C,G$4,Data!$B:$B,$B11,Data!$F:$F,port0201!$B$9),3))) -> 17988.786 | H11: =IF(port0201!$B$9="All Routes",IF(port0201!$B$8<>"Tonnage","z",ROUND(SUMIFS(Data!$D:$D,Data!$A:$A,H$5,Data!$C:$C,H$4,Data!$B:$B,$B11),3)),IF(port0201!$B$8<>"Tonnage","z",ROUND(SUMIFS(Data!$D:$D,Data!$A:$A,H$5,Data!$C:$C,H$4,Data!$B:$B,$B11,Data!$F:$F,port0201!$B$9),3))) -> 17826.584 | I11: =IF(port0201!$B$9="All Routes",IF(port0201!$B$8<>"Tonnage","z",ROUND(SUMIFS(Data!$D:$D,Data!$A:$A,I$5,Data!$C:$C,I$4,Data!$B:$B,$B11),3)),IF(port0201!$B$8<>"Tonnage","z",ROUND(SUMIFS(Data!$D:$D,Data!$A:$A,I$5,Data!$C:$C,I$4,Data!$B:$B,$B11,Data!$F:$F,port0201!$B$9),3))) -> 17940.509 | J11: =IF(port0201!$B$9="All Routes",IF(port0201!$B$8<>"Tonnage","z",ROUND(SUMIFS(Data!$D:$D,Data!$A:$A,J$5,Data!$C:$C,J$4,Data!$B:$B,$B11),3)),IF(port0201!$B$8<>"Tonnage","z",ROUND(SUMIFS(Data!$D:$D,Data!$A:$A,J$5,Data!$C:$C,J$4,Data!$B:$B,$B11,Data!$F:$F,port0201!$B$9),3))) -> 18300.511 | K11: =IF(port0201!$B$9="All Routes",IF(port0201!$B$8<>"Tonnage","z",ROUND(SUMIFS(Data!$D:$D,Data!$A:$A,K$5,Data!$C:$C,K$4,Data!$B:$B,$B11),3)),IF(port0201!$B$8<>"Tonnage","z",ROUND(SUMIFS(Data!$D:$D,Data!$A:$A,K$5,Data!$C:$C,K$4,Data!$B:$B,$B11,Data!$F:$F,port0201!$B$9),3))) -> 19144.281 | ... AC11: =IF(port0201!$B$9="All Routes",IF(port0201!$B$8<>"Tonnage","z",ROUND(SUMIFS(Data!$D:$D,Data!$A:$A,AC$5,Data!$C:$C,AC$4,Data!$B:$B,$B11),3)),IF(port0201!$B$8<>"Tonnage","z",ROUND(SUMIFS(Data!$D:$D,Data!$A:$A,AC$5,Data!$C:$C,AC$4,Data!$B:$B,$B11,Data!$F:$F,port0201!$B$9),3))) -> 9963.657 | AE11: =(AC11-AB11)/AB11 -> -0.12659719 | AF11: =AC11-AB11 -> -1444.203 | AG11: =AC11-AB11 -> -1444.203 | AJ11: =AB11-AA11 -> -1857.581 | AK11: =AJ11/AA11 -> -0.14003161
A12: Dry bulk | B12: 22 | C12: Coal | D12: =IF(port0201!$B$9="All Routes",IF(port0201!$B$8<>"Tonnage","z",ROUND(SUMIFS(Data!$D:$D,Data!$A:$A,D$5,Data!$C:$C,D$4,Data!$B:$B,$B12),3)),IF(port0201!$B$8<>"Tonnage","z",ROUND(SUMIFS(Data!$D:$D,Data!$A:$A,D$5,Data!$C:$C,D$4,Data!$B:$B,$B12,Data!$F:$F,port0201!$B$9),3))) -> 27830.277 | E12: =IF(port0201!$B$9="All Routes",IF(port0201!$B$8<>"Tonnage","z",ROUND(SUMIFS(Data!$D:$D,Data!$A:$A,E$5,Data!$C:$C,E$4,Data!$B:$B,$B12),3)),IF(port0201!$B$8<>"Tonnage","z",ROUND(SUMIFS(Data!$D:$D,Data!$A:$A,E$5,Data!$C:$C,E$4,Data!$B:$B,$B12,Data!$F:$F,port0201!$B$9),3))) -> 39919.835 | F12: =IF(port0201!$B$9="All Routes",IF(port0201!$B$8<>"Tonnage","z",ROUND(SUMIFS(Data!$D:$D,Data!$A:$A,F$5,Data!$C:$C,F$4,Data!$B:$B,$B12),3)),IF(port0201!$B$8<>"Tonnage","z",ROUND(SUMIFS(Data!$D:$D,Data!$A:$A,F$5,Data!$C:$C,F$4,Data!$B:$B,$B12,Data!$F:$F,port0201!$B$9),3))) -> 32998.074 | G12: =IF(port0201!$B$9="All Routes",IF(port0201!$B$8<>"Tonnage","z",ROUND(SUMIFS(Data!$D:$D,Data!$A:$A,G$5,Data!$C:$C,G$4,Data!$B:$B,$B12),3)),IF(port0201!$B$8<>"Tonnage","z",ROUND(SUMIFS(Data!$D:$D,Data!$A:$A,G$5,Data!$C:$C,G$4,Data!$B:$B,$B12,Data!$F:$F,port0201!$B$9),3))) -> 37280.728 | H12: =IF(port0201!$B$9="All Routes",IF(port0201!$B$8<>"Tonnage","z",ROUND(SUMIFS(Data!$D:$D,Data!$A:$A,H$5,Data!$C:$C,H$4,Data!$B:$B,$B12),3)),IF(port0201!$B$8<>"Tonnage","z",ROUND(SUMIFS(Data!$D:$D,Data!$A:$A,H$5,Data!$C:$C,H$4,Data!$B:$B,$B12,Data!$F:$F,port0201!$B$9),3))) -> 41315.997 | I12: =IF(port0201!$B$9="All Routes",IF(port0201!$B$8<>"Tonnage","z",ROUND(SUMIFS(Data!$D:$D,Data!$A:$A,I$5,Data!$C:$C,I$4,Data!$B:$B,$B12),3)),IF(port0201!$B$8<>"Tonnage","z",ROUND(SUMIFS(Data!$D:$D,Data!$A:$A,I$5,Data!$C:$C,I$4,Data!$B:$B,$B12,Data!$F:$F,port0201!$B$9),3))) -> 51787.366 | J12: =IF(port0201!$B$9="All Routes",IF(port0201!$B$8<>"Tonnage","z",ROUND(SUMIFS(Data!$D:$D,Data!$A:$A,J$5,Data!$C:$C,J$4,Data!$B:$B,$B12),3)),IF(port0201!$B$8<>"Tonnage","z",ROUND(SUMIFS(Data!$D:$D,Data!$A:$A,J$5,Data!$C:$C,J$4,Data!$B:$B,$B12,Data!$F:$F,port0201!$B$9),3))) -> 57281.96 | K12: =IF(port0201!$B$9="All Routes",IF(port0201!$B$8<>"Tonnage","z",ROUND(SUMIFS(Data!$D:$D,Data!$A:$A,K$5,Data!$C:$C,K$4,Data!$B:$B,$B12),3)),IF(port0201!$B$8<>"Tonnage","z",ROUND(SUMIFS(Data!$D:$D,Data!$A:$A,K$5,Data!$C:$C,K$4,Data!$B:$B,$B12,Data!$F:$F,port0201!$B$9),3))) -> 47426.647 | ... AC12: =IF(port0201!$B$9="All Routes",IF(port0201!$B$8<>"Tonnage","z",ROUND(SUMIFS(Data!$D:$D,Data!$A:$A,AC$5,Data!$C:$C,AC$4,Data!$B:$B,$B12),3)),IF(port0201!$B$8<>"Tonnage","z",ROUND(SUMIFS(Data!$D:$D,Data!$A:$A,AC$5,Data!$C:$C,AC$4,Data!$B:$B,$B12,Data!$F:$F,port0201!$B$9),3))) -> 4358.873 | AE12: =(AC12-AB12)/AB12 -> -0.091159238 | AF12: =AC12-AB12 -> -437.207 | AG12: =(AC11-AB11)/AB11 -> -0.12659719 | AJ12: =AB12-AA12 -> -1923.39 | AK12: =AJ12/AA12 -> -0.28624133
A13: Dry bulk | B13: 23 | C13: Agricultural products | D13: =IF(port0201!$B$9="All Routes",IF(port0201!$B$8<>"Tonnage","z",ROUND(SUMIFS(Data!$D:$D,Data!$A:$A,D$5,Data!$C:$C,D$4,Data!$B:$B,$B13),3)),IF(port0201!$B$8<>"Tonnage","z",ROUND(SUMIFS(Data!$D:$D,Data!$A:$A,D$5,Data!$C:$C,D$4,Data!$B:$B,$B13,Data!$F:$F,port0201!$B$9),3))) -> 14106.536 | E13: =IF(port0201!$B$9="All Routes",IF(port0201!$B$8<>"Tonnage","z",ROUND(SUMIFS(Data!$D:$D,Data!$A:$A,E$5,Data!$C:$C,E$4,Data!$B:$B,$B13),3)),IF(port0201!$B$8<>"Tonnage","z",ROUND(SUMIFS(Data!$D:$D,Data!$A:$A,E$5,Data!$C:$C,E$4,Data!$B:$B,$B13,Data!$F:$F,port0201!$B$9),3))) -> 13026.302 | F13: =IF(port0201!$B$9="All Routes",IF(port0201!$B$8<>"Tonnage","z",ROUND(SUMIFS(Data!$D:$D,Data!$A:$A,F$5,Data!$C:$C,F$4,Data!$B:$B,$B13),3)),IF(port0201!$B$8<>"Tonnage","z",ROUND(SUMIFS(Data!$D:$D,Data!$A:$A,F$5,Data!$C:$C,F$4,Data!$B:$B,$B13,Data!$F:$F,port0201!$B$9),3))) -> 13061.469 | G13: =IF(port0201!$B$9="All Routes",IF(port0201!$B$8<>"Tonnage","z",ROUND(SUMIFS(Data!$D:$D,Data!$A:$A,G$5,Data!$C:$C,G$4,Data!$B:$B,$B13),3)),IF(port0201!$B$8<>"Tonnage","z",ROUND(SUMIFS(Data!$D:$D,Data!$A:$A,G$5,Data!$C:$C,G$4,Data!$B:$B,$B13,Data!$F:$F,port0201!$B$9),3))) -> 14751.974 | H13: =IF(port0201!$B$9="All Routes",IF(port0201!$B$8<>"Tonnage","z",ROUND(SUMIFS(Data!$D:$D,Data!$A:$A,H$5,Data!$C:$C,H$4,Data!$B:$B,$B13),3)),IF(port0201!$B$8<>"Tonnage","z",ROUND(SUMIFS(Data!$D:$D,Data!$A:$A,H$5,Data!$C:$C,H$4,Data!$B:$B,$B13,Data!$F:$F,port0201!$B$9),3))) -> 12924.524 | I13: =IF(port0201!$B$9="All Routes",IF(port0201!$B$8<>"Tonnage","z",ROUND(SUMIFS(Data!$D:$D,Data!$A:$A,I$5,Data!$C:$C,I$4,Data!$B:$B,$B13),3)),IF(port0201!$B$8<>"Tonnage","z",ROUND(SUMIFS(Data!$D:$D,Data!$A:$A,I$5,Data!$C:$C,I$4,Data!$B:$B,$B13,Data!$F:$F,port0201!$B$9),3))) -> 13607.652 | J13: =IF(port0201!$B$9="All Routes",IF(port0201!$B$8<>"Tonnage","z",ROUND(SUMIFS(Data!$D:$D,Data!$A:$A,J$5,Data!$C:$C,J$4,Data!$B:$B,$B13),3)),IF(port0201!$B$8<>"Tonnage","z",ROUND(SUMIFS(Data!$D:$D,Data!$A:$A,J$5,Data!$C:$C,J$4,Data!$B:$B,$B13,Data!$F:$F,port0201!$B$9),3))) -> 13095.04 | K13: =IF(port0201!$B$9="All Routes",IF(port0201!$B$8<>"Tonnage","z",ROUND(SUMIFS(Data!$D:$D,Data!$A:$A,K$5,Data!$C:$C,K$4,Data!$B:$B,$B13),3)),IF(port0201!$B$8<>"Tonnage","z",ROUND(SUMIFS(Data!$D:$D,Data!$A:$A,K$5,Data!$C:$C,K$4,Data!$B:$B,$B13,Data!$F:$F,port0201!$B$9),3))) -> 12745.616 | ... AC13: =IF(port0201!$B$9="All Routes",IF(port0201!$B$8<>"Tonnage","z",ROUND(SUMIFS(Data!$D:$D,Data!$A:$A,AC$5,Data!$C:$C,AC$4,Data!$B:$B,$B13),3)),IF(port0201!$B$8<>"Tonnage","z",ROUND(SUMIFS(Data!$D:$D,Data!$A:$A,AC$5,Data!$C:$C,AC$4,Data!$B:$B,$B13,Data!$F:$F,port0201!$B$9),3))) -> 10888.209 | AE13: =(AC13-AB13)/AB13 -> 0.070109185 | AF13: =AC13-AB13 -> 713.351 | AH13: 47958 | AJ13: =AB13-AA13 -> -662.369 | AK13: =AJ13/AA13 -> -0.061119786
A14: Dry bulk | B14: 24 | C14: Wood pellets | D14: =IF(port0201!$B$9="All Routes",IF(port0201!$B$8<>"Tonnage","z",ROUND(SUMIFS(Data!$D:$D,Data!$A:$A,D$5,Data!$C:$C,D$4,Data!$B:$B,$B14),3)),IF(port0201!$B$8<>"Tonnage","z",ROUND(SUMIFS(Data!$D:$D,Data!$A:$A,D$5,Data!$C:$C,D$4,Data!$B:$B,$B14,Data!$F:$F,port0201!$B$9),3))) -> 0 | E14: =IF(port0201!$B$9="All Routes",IF(port0201!$B$8<>"Tonnage","z",ROUND(SUMIFS(Data!$D:$D,Data!$A:$A,E$5,Data!$C:$C,E$4,Data!$B:$B,$B14),3)),IF(port0201!$B$8<>"Tonnage","z",ROUND(SUMIFS(Data!$D:$D,Data!$A:$A,E$5,Data!$C:$C,E$4,Data!$B:$B,$B14,Data!$F:$F,port0201!$B$9),3))) -> 0 | F14: =IF(port0201!$B$9="All Routes",IF(port0201!$B$8<>"Tonnage","z",ROUND(SUMIFS(Data!$D:$D,Data!$A:$A,F$5,Data!$C:$C,F$4,Data!$B:$B,$B14),3)),IF(port0201!$B$8<>"Tonnage","z",ROUND(SUMIFS(Data!$D:$D,Data!$A:$A,F$5,Data!$C:$C,F$4,Data!$B:$B,$B14,Data!$F:$F,port0201!$B$9),3))) -> 0 | G14: =IF(port0201!$B$9="All Routes",IF(port0201!$B$8<>"Tonnage","z",ROUND(SUMIFS(Data!$D:$D,Data!$A:$A,G$5,Data!$C:$C,G$4,Data!$B:$B,$B14),3)),IF(port0201!$B$8<>"Tonnage","z",ROUND(SUMIFS(Data!$D:$D,Data!$A:$A,G$5,Data!$C:$C,G$4,Data!$B:$B,$B14,Data!$F:$F,port0201!$B$9),3))) -> 0 | H14: =IF(port0201!$B$9="All Routes",IF(port0201!$B$8<>"Tonnage","z",ROUND(SUMIFS(Data!$D:$D,Data!$A:$A,H$5,Data!$C:$C,H$4,Data!$B:$B,$B14),3)),IF(port0201!$B$8<>"Tonnage","z",ROUND(SUMIFS(Data!$D:$D,Data!$A:$A,H$5,Data!$C:$C,H$4,Data!$B:$B,$B14,Data!$F:$F,port0201!$B$9),3))) -> 0 | I14: =IF(port0201!$B$9="All Routes",IF(port0201!$B$8<>"Tonnage","z",ROUND(SUMIFS(Data!$D:$D,Data!$A:$A,I$5,Data!$C:$C,I$4,Data!$B:$B,$B14),3)),IF(port0201!$B$8<>"Tonnage","z",ROUND(SUMIFS(Data!$D:$D,Data!$A:$A,I$5,Data!$C:$C,I$4,Data!$B:$B,$B14,Data!$F:$F,port0201!$B$9),3))) -> 0 | J14: =IF(port0201!$B$9="All Routes",IF(port0201!$B$8<>"Tonnage","z",ROUND(SUMIFS(Data!$D:$D,Data!$A:$A,J$5,Data!$C:$C,J$4,Data!$B:$B,$B14),3)),IF(port0201!$B$8<>"Tonnage","z",ROUND(SUMIFS(Data!$D:$D,Data!$A:$A,J$5,Data!$C:$C,J$4,Data!$B:$B,$B14,Data!$F:$F,port0201!$B$9),3))) -> 0 | K14: =IF(port0201!$B$9="All Routes",IF(port0201!$B$8<>"Tonnage","z",ROUND(SUMIFS(Data!$D:$D,Data!$A:$A,K$5,Data!$C:$C,K$4,Data!$B:$B,$B14),3)),IF(port0201!$B$8<>"Tonnage","z",ROUND(SUMIFS(Data!$D:$D,Data!$A:$A,K$5,Data!$C:$C,K$4,Data!$B:$B,$B14,Data!$F:$F,port0201!$B$9),3))) -> 0 | ... AC14: =IF(port0201!$B$9="All Routes",IF(port0201!$B$8<>"Tonnage","z",ROUND(SUMIFS(Data!$D:$D,Data!$A:$A,AC$5,Data!$C:$C,AC$4,Data!$B:$B,$B14),3)),IF(port0201!$B$8<>"Tonnage","z",ROUND(SUMIFS(Data!$D:$D,Data!$A:$A,AC$5,Data!$C:$C,AC$4,Data!$B:$B,$B14,Data!$F:$F,port0201!$B$9),3))) -> 9935.277 | AE14: =(AC14-AB14)/AB14 -> #DIV/0! | AF14: =AC14-AB14 -> 9935.277 | AG14: =AC14+AC15 -> 53525.148 | AJ14: =AB14-AA14 -> 0 | AK14: =AJ14/AA14 -> #DIV/0!
A15: Dry bulk | B15: 29 | C15: Other dry bulk | D15: =IF(port0201!$B$9="All Routes",IF(port0201!$B$8<>"Tonnage","z",ROUND(SUMIFS(Data!$D:$D,Data!$A:$A,D$5,Data!$C:$C,D$4,Data!$B:$B,$B15),3)),IF(port0201!$B$8<>"Tonnage","z",ROUND(SUMIFS(Data!$D:$D,Data!$A:$A,D$5,Data!$C:$C,D$4,Data!$B:$B,$B15,Data!$F:$F,port0201!$B$9),3))) -> 41347.061 | E15: =IF(port0201!$B$9="All Routes",IF(port0201!$B$8<>"Tonnage","z",ROUND(SUMIFS(Data!$D:$D,Data!$A:$A,E$5,Data!$C:$C,E$4,Data!$B:$B,$B15),3)),IF(port0201!$B$8<>"Tonnage","z",ROUND(SUMIFS(Data!$D:$D,Data!$A:$A,E$5,Data!$C:$C,E$4,Data!$B:$B,$B15,Data!$F:$F,port0201!$B$9),3))) -> 42480.347 | F15: =IF(port0201!$B$9="All Routes",IF(port0201!$B$8<>"Tonnage","z",ROUND(SUMIFS(Data!$D:$D,Data!$A:$A,F$5,Data!$C:$C,F$4,Data!$B:$B,$B15),3)),IF(port0201!$B$8<>"Tonnage","z",ROUND(SUMIFS(Data!$D:$D,Data!$A:$A,F$5,Data!$C:$C,F$4,Data!$B:$B,$B15,Data!$F:$F,port0201!$B$9),3))) -> 43673.663 | G15: =IF(port0201!$B$9="All Routes",IF(port0201!$B$8<>"Tonnage","z",ROUND(SUMIFS(Data!$D:$D,Data!$A:$A,G$5,Data!$C:$C,G$4,Data!$B:$B,$B15),3)),IF(port0201!$B$8<>"Tonnage","z",ROUND(SUMIFS(Data!$D:$D,Data!$A:$A,G$5,Data!$C:$C,G$4,Data!$B:$B,$B15,Data!$F:$F,port0201!$B$9),3))) -> 44407.473 | H15: =IF(port0201!$B$9="All Routes",IF(port0201!$B$8<>"Tonnage","z",ROUND(SUMIFS(Data!$D:$D,Data!$A:$A,H$5,Data!$C:$C,H$4,Data!$B:$B,$B15),3)),IF(port0201!$B$8<>"Tonnage","z",ROUND(SUMIFS(Data!$D:$D,Data!$A:$A,H$5,Data!$C:$C,H$4,Data!$B:$B,$B15,Data!$F:$F,port0201!$B$9),3))) -> 42122.459 | I15: =IF(port0201!$B$9="All Routes",IF(port0201!$B$8<>"Tonnage","z",ROUND(SUMIFS(Data!$D:$D,Data!$A:$A,I$5,Data!$C:$C,I$4,Data!$B:$B,$B15),3)),IF(port0201!$B$8<>"Tonnage","z",ROUND(SUMIFS(Data!$D:$D,Data!$A:$A,I$5,Data!$C:$C,I$4,Data!$B:$B,$B15,Data!$F:$F,port0201!$B$9),3))) -> 42232.211 | J15: =IF(port0201!$B$9="All Routes",IF(port0201!$B$8<>"Tonnage","z",ROUND(SUMIFS(Data!$D:$D,Data!$A:$A,J$5,Data!$C:$C,J$4,Data!$B:$B,$B15),3)),IF(port0201!$B$8<>"Tonnage","z",ROUND(SUMIFS(Data!$D:$D,Data!$A:$A,J$5,Data!$C:$C,J$4,Data!$B:$B,$B15,Data!$F:$F,port0201!$B$9),3))) -> 44402.503 | K15: =IF(port0201!$B$9="All Routes",IF(port0201!$B$8<>"Tonnage","z",ROUND(SUMIFS(Data!$D:$D,Data!$A:$A,K$5,Data!$C:$C,K$4,Data!$B:$B,$B15),3)),IF(port0201!$B$8<>"Tonnage","z",ROUND(SUMIFS(Data!$D:$D,Data!$A:$A,K$5,Data!$C:$C,K$4,Data!$B:$B,$B15,Data!$F:$F,port0201!$B$9),3))) -> 46066.558 | ... AC15: =IF(port0201!$B$9="All Routes",IF(port0201!$B$8<>"Tonnage","z",ROUND(SUMIFS(Data!$D:$D,Data!$A:$A,AC$5,Data!$C:$C,AC$4,Data!$B:$B,$B15),3)),IF(port0201!$B$8<>"Tonnage","z",ROUND(SUMIFS(Data!$D:$D,Data!$A:$A,AC$5,Data!$C:$C,AC$4,Data!$B:$B,$B15,Data!$F:$F,port0201!$B$9),3))) -> 43589.871 | AE15: =(AC15-AB15)/AB15 -> -0.2011353 | AF15: =AC15-AB15 -> -10974.902 | AH15: 43484 | AJ15: =AB15-AA15 -> 977.338 | AK15: =AJ15/AA15 -> 0.018238193
A16: Dry bulk | B16: All Dry Bulk | C16: All Routes dry bulk traffic | D16: =IF(port0201!$B$8<>"Tonnage","z",ROUND(SUM(D11:D15),3)) -> 103602.5 | E16: =IF(port0201!$B$8<>"Tonnage","z",ROUND(SUM(E11:E15),3)) -> 114986.24 | F16: =IF(port0201!$B$8<>"Tonnage","z",ROUND(SUM(F11:F15),3)) -> 106742.4 | G16: =IF(port0201!$B$8<>"Tonnage","z",ROUND(SUM(G11:G15),3)) -> 114428.96 | H16: =IF(port0201!$B$8<>"Tonnage","z",ROUND(SUM(H11:H15),3)) -> 114189.56 | I16: =IF(port0201!$B$8<>"Tonnage","z",ROUND(SUM(I11:I15),3)) -> 125567.74 | J16: =IF(port0201!$B$8<>"Tonnage","z",ROUND(SUM(J11:J15),3)) -> 133080.01 | K16: =IF(port0201!$B$8<>"Tonnage","z",ROUND(SUM(K11:K15),3)) -> 125383.1 | ... AC16: =IF(port0201!$B$8<>"Tonnage","z",ROUND(SUM(AC11:AC15),3)) -> 78735.887 | AD16: =SUM(AB11:AB15)-AB16 -> 0 | AE16: =(AC16-AB16)/AB16 -> -0.027274359 | AF16: =AC16-AB16 -> -2207.684 | AH16: =AC15+AC14 -> 53525.148 | AJ16: =AB16-AA16 -> -3466.002 | AK16: =AJ16/AA16 -> -0.041061717
A17: Container traffic | B17: 31 | C17: 20' containers | D17: =IF(D$3="All Routes", IF($G$2="Tonnage",SUMIFS(Data!$D:$D,Data!$A:$A,Working!D$5,Data!$B:$B,Working!$B17,Data!$C:$C,Working!D$4), IF($G$2="Units",SUMIFS(Data!$E:$E,Data!$A:$A,Working!D$5,Data!$B:$B,Working!$B17,Data!$C:$C,Working!D$4),SUMIFS(Data!$G:$G,Data!$A:$A,Working!D$5,Data!$B:$B,Working!$B17,Data!$C:$C,Working!D$4))), IF($G$2="Tonnage",SUMIFS(Data!$D:$D,Data!$A:$A,Working!D$5,Data!$B:$B,Working!$B17,Data!$C:$C,Working!D$4,Data!$F:$F,Working!D$3), IF($G$2="Units",SUMIFS(Data!$E:$E,Data!$A:$A,Working!D$5,Data!$B:$B,Working!$B17,Data!$C:$C,Working!D$4,Data!$F:$F,Working!D$3),SUMIFS(Data!$G:$G,Data!$A:$A,Working!D$5,Data!$B:$B,Working!$B17,Data!$C:$C,Working!D$4,Data!$F:$F,Working!D$3)))) -> 23042.378 | E17: =IF(E$3="All Routes", IF($G$2="Tonnage",SUMIFS(Data!$D:$D,Data!$A:$A,Working!E$5,Data!$B:$B,Working!$B17,Data!$C:$C,Working!E$4), IF($G$2="Units",SUMIFS(Data!$E:$E,Data!$A:$A,Working!E$5,Data!$B:$B,Working!$B17,Data!$C:$C,Working!E$4),SUMIFS(Data!$G:$G,Data!$A:$A,Working!E$5,Data!$B:$B,Working!$B17,Data!$C:$C,Working!E$4))), IF($G$2="Tonnage",SUMIFS(Data!$D:$D,Data!$A:$A,Working!E$5,Data!$B:$B,Working!$B17,Data!$C:$C,Working!E$4,Data!$F:$F,Working!E$3), IF($G$2="Units",SUMIFS(Data!$E:$E,Data!$A:$A,Working!E$5,Data!$B:$B,Working!$B17,Data!$C:$C,Working!E$4,Data!$F:$F,Working!E$3),SUMIFS(Data!$G:$G,Data!$A:$A,Working!E$5,Data!$B:$B,Working!$B17,Data!$C:$C,Working!E$4,Data!$F:$F,Working!E$3)))) -> 22156.339 | F17: =IF(F$3="All Routes", IF($G$2="Tonnage",SUMIFS(Data!$D:$D,Data!$A:$A,Working!F$5,Data!$B:$B,Working!$B17,Data!$C:$C,Working!F$4), IF($G$2="Units",SUMIFS(Data!$E:$E,Data!$A:$A,Working!F$5,Data!$B:$B,Working!$B17,Data!$C:$C,Working!F$4),SUMIFS(Data!$G:$G,Data!$A:$A,Working!F$5,Data!$B:$B,Working!$B17,Data!$C:$C,Working!F$4))), IF($G$2="Tonnage",SUMIFS(Data!$D:$D,Data!$A:$A,Working!F$5,Data!$B:$B,Working!$B17,Data!$C:$C,Working!F$4,Data!$F:$F,Working!F$3), IF($G$2="Units",SUMIFS(Data!$E:$E,Data!$A:$A,Working!F$5,Data!$B:$B,Working!$B17,Data!$C:$C,Working!F$4,Data!$F:$F,Working!F$3),SUMIFS(Data!$G:$G,Data!$A:$A,Working!F$5,Data!$B:$B,Working!$B17,Data!$C:$C,Working!F$4,Data!$F:$F,Working!F$3)))) -> 19900.424 | G17: =IF(G$3="All Routes", IF($G$2="Tonnage",SUMIFS(Data!$D:$D,Data!$A:$A,Working!G$5,Data!$B:$B,Working!$B17,Data!$C:$C,Working!G$4), IF($G$2="Units",SUMIFS(Data!$E:$E,Data!$A:$A,Working!G$5,Data!$B:$B,Working!$B17,Data!$C:$C,Working!G$4),SUMIFS(Data!$G:$G,Data!$A:$A,Working!G$5,Data!$B:$B,Working!$B17,Data!$C:$C,Working!G$4))), IF($G$2="Tonnage",SUMIFS(Data!$D:$D,Data!$A:$A,Working!G$5,Data!$B:$B,Working!$B17,Data!$C:$C,Working!G$4,Data!$F:$F,Working!G$3), IF($G$2="Units",SUMIFS(Data!$E:$E,Data!$A:$A,Working!G$5,Data!$B:$B,Working!$B17,Data!$C:$C,Working!G$4,Data!$F:$F,Working!G$3),SUMIFS(Data!$G:$G,Data!$A:$A,Working!G$5,Data!$B:$B,Working!$B17,Data!$C:$C,Working!G$4,Data!$F:$F,Working!G$3)))) -> 19855.484 | H17: =IF(H$3="All Routes", IF($G$2="Tonnage",SUMIFS(Data!$D:$D,Data!$A:$A,Working!H$5,Data!$B:$B,Working!$B17,Data!$C:$C,Working!H$4), IF($G$2="Units",SUMIFS(Data!$E:$E,Data!$A:$A,Working!H$5,Data!$B:$B,Working!$B17,Data!$C:$C,Working!H$4),SUMIFS(Data!$G:$G,Data!$A:$A,Working!H$5,Data!$B:$B,Working!$B17,Data!$C:$C,Working!H$4))), IF($G$2="Tonnage",SUMIFS(Data!$D:$D,Data!$A:$A,Working!H$5,Data!$B:$B,Working!$B17,Data!$C:$C,Working!H$4,Data!$F:$F,Working!H$3), IF($G$2="Units",SUMIFS(Data!$E:$E,Data!$A:$A,Working!H$5,Data!$B:$B,Working!$B17,Data!$C:$C,Working!H$4,Data!$F:$F,Working!H$3),SUMIFS(Data!$G:$G,Data!$A:$A,Working!H$5,Data!$B:$B,Working!$B17,Data!$C:$C,Working!H$4,Data!$F:$F,Working!H$3)))) -> 21013.069 | I17: =IF(I$3="All Routes", IF($G$2="Tonnage",SUMIFS(Data!$D:$D,Data!$A:$A,Working!I$5,Data!$B:$B,Working!$B17,Data!$C:$C,Working!I$4), IF($G$2="Units",SUMIFS(Data!$E:$E,Data!$A:$A,Working!I$5,Data!$B:$B,Working!$B17,Data!$C:$C,Working!I$4),SUMIFS(Data!$G:$G,Data!$A:$A,Working!I$5,Data!$B:$B,Working!$B17,Data!$C:$C,Working!I$4))), IF($G$2="Tonnage",SUMIFS(Data!$D:$D,Data!$A:$A,Working!I$5,Data!$B:$B,Working!$B17,Data!$C:$C,Working!I$4,Data!$F:$F,Working!I$3), IF($G$2="Units",SUMIFS(Data!$E:$E,Data!$A:$A,Working!I$5,Data!$B:$B,Working!$B17,Data!$C:$C,Working!I$4,Data!$F:$F,Working!I$3),SUMIFS(Data!$G:$G,Data!$A:$A,Working!I$5,Data!$B:$B,Working!$B17,Data!$C:$C,Working!I$4,Data!$F:$F,Working!I$3)))) -> 19678.151 | J17: =IF(J$3="All Routes", IF($G$2="Tonnage",SUMIFS(Data!$D:$D,Data!$A:$A,Working!J$5,Data!$B:$B,Working!$B17,Data!$C:$C,Working!J$4), IF($G$2="Units",SUMIFS(Data!$E:$E,Data!$A:$A,Working!J$5,Data!$B:$B,Working!$B17,Data!$C:$C,Working!J$4),SUMIFS(Data!$G:$G,Data!$A:$A,Working!J$5,Data!$B:$B,Working!$B17,Data!$C:$C,Working!J$4))), IF($G$2="Tonnage",SUMIFS(Data!$D:$D,Data!$A:$A,Working!J$5,Data!$B:$B,Working!$B17,Data!$C:$C,Working!J$4,Data!$F:$F,Working!J$3), IF($G$2="Units",SUMIFS(Data!$E:$E,Data!$A:$A,Working!J$5,Data!$B:$B,Working!$B17,Data!$C:$C,Working!J$4,Data!$F:$F,Working!J$3),SUMIFS(Data!$G:$G,Data!$A:$A,Working!J$5,Data!$B:$B,Working!$B17,Data!$C:$C,Working!J$4,Data!$F:$F,Working!J$3)))) -> 18547.524 | K17: =IF(K$3="All Routes", IF($G$2="Tonnage",SUMIFS(Data!$D:$D,Data!$A:$A,Working!K$5,Data!$B:$B,Working!$B17,Data!$C:$C,Working!K$4), IF($G$2="Units",SUMIFS(Data!$E:$E,Data!$A:$A,Working!K$5,Data!$B:$B,Working!$B17,Data!$C:$C,Working!K$4),SUMIFS(Data!$G:$G,Data!$A:$A,Working!K$5,Data!$B:$B,Working!$B17,Data!$C:$C,Working!K$4))), IF($G$2="Tonnage",SUMIFS(Data!$D:$D,Data!$A:$A,Working!K$5,Data!$B:$B,Working!$B17,Data!$C:$C,Working!K$4,Data!$F:$F,Working!K$3), IF($G$2="Units",SUMIFS(Data!$E:$E,Data!$A:$A,Working!K$5,Data!$B:$B,Working!$B17,Data!$C:$C,Working!K$4,Data!$F:$F,Working!K$3),SUMIFS(Data!$G:$G,Data!$A:$A,Working!K$5,Data!$B:$B,Working!$B17,Data!$C:$C,Working!K$4,Data!$F:$F,Working!K$3)))) -> 19087.891 | ... AC17: =IF(AC$3="All Routes", IF($G$2="Tonnage",SUMIFS(Data!$D:$D,Data!$A:$A,Working!AC$5,Data!$B:$B,Working!$B17,Data!$C:$C,Working!AC$4), IF($G$2="Units",SUMIFS(Data!$E:$E,Data!$A:$A,Working!AC$5,Data!$B:$B,Working!$B17,Data!$C:$C,Working!AC$4),SUMIFS(Data!$G:$G,Data!$A:$A,Working!AC$5,Data!$B:$B,Working!$B17,Data!$C:$C,Working!AC$4))), IF($G$2="Tonnage",SUMIFS(Data!$D:$D,Data!$A:$A,Working!AC$5,Data!$B:$B,Working!$B17,Data!$C:$C,Working!AC$4,Data!$F:$F,Working!AC$3), IF($G$2="Units",SUMIFS(Data!$E:$E,Data!$A:$A,Working!AC$5,Data!$B:$B,Working!$B17,Data!$C:$C,Working!AC$4,Data!$F:$F,Working!AC$3),SUMIFS(Data!$G:$G,Data!$A:$A,Working!AC$5,Data!$B:$B,Working!$B17,Data!$C:$C,Working!AC$4,Data!$F:$F,Working!AC$3)))) -> 17760.956 | AE17: =(AC17-AB17)/AB17 -> 0.10748259 | AF17: =AC17-AB17 -> 1723.7233 | AH17: =(AH16-AB15)/AB15 -> -0.019053044 | AJ17: =AB17-AA17 -> -529.378 | AK17: =AJ17/AA17 -> -0.031954514
A18: Container traffic | B18: 32 | C18: 40' containers | D18: =IF(D$3="All Routes", IF($G$2="Tonnage",SUMIFS(Data!$D:$D,Data!$A:$A,Working!D$5,Data!$B:$B,Working!$B18,Data!$C:$C,Working!D$4), IF($G$2="Units",SUMIFS(Data!$E:$E,Data!$A:$A,Working!D$5,Data!$B:$B,Working!$B18,Data!$C:$C,Working!D$4),SUMIFS(Data!$G:$G,Data!$A:$A,Working!D$5,Data!$B:$B,Working!$B18,Data!$C:$C,Working!D$4))), IF($G$2="Tonnage",SUMIFS(Data!$D:$D,Data!$A:$A,Working!D$5,Data!$B:$B,Working!$B18,Data!$C:$C,Working!D$4,Data!$F:$F,Working!D$3), IF($G$2="Units",SUMIFS(Data!$E:$E,Data!$A:$A,Working!D$5,Data!$B:$B,Working!$B18,Data!$C:$C,Working!D$4,Data!$F:$F,Working!D$3),SUMIFS(Data!$G:$G,Data!$A:$A,Working!D$5,Data!$B:$B,Working!$B18,Data!$C:$C,Working!D$4,Data!$F:$F,Working!D$3)))) -> 26471.084 | E18: =IF(E$3="All Routes", IF($G$2="Tonnage",SUMIFS(Data!$D:$D,Data!$A:$A,Working!E$5,Data!$B:$B,Working!$B18,Data!$C:$C,Working!E$4), IF($G$2="Units",SUMIFS(Data!$E:$E,Data!$A:$A,Working!E$5,Data!$B:$B,Working!$B18,Data!$C:$C,Working!E$4),SUMIFS(Data!$G:$G,Data!$A:$A,Working!E$5,Data!$B:$B,Working!$B18,Data!$C:$C,Working!E$4))), IF($G$2="Tonnage",SUMIFS(Data!$D:$D,Data!$A:$A,Working!E$5,Data!$B:$B,Working!$B18,Data!$C:$C,Working!E$4,Data!$F:$F,Working!E$3), IF($G$2="Units",SUMIFS(Data!$E:$E,Data!$A:$A,Working!E$5,Data!$B:$B,Working!$B18,Data!$C:$C,Working!E$4,Data!$F:$F,Working!E$3),SUMIFS(Data!$G:$G,Data!$A:$A,Working!E$5,Data!$B:$B,Working!$B18,Data!$C:$C,Working!E$4,Data!$F:$F,Working!E$3)))) -> 26227.638 | F18: =IF(F$3="All Routes", IF($G$2="Tonnage",SUMIFS(Data!$D:$D,Data!$A:$A,Working!F$5,Data!$B:$B,Working!$B18,Data!$C:$C,Working!F$4), IF($G$2="Units",SUMIFS(Data!$E:$E,Data!$A:$A,Working!F$5,Data!$B:$B,Working!$B18,Data!$C:$C,Working!F$4),SUMIFS(Data!$G:$G,Data!$A:$A,Working!F$5,Data!$B:$B,Working!$B18,Data!$C:$C,Working!F$4))), IF($G$2="Tonnage",SUMIFS(Data!$D:$D,Data!$A:$A,Working!F$5,Data!$B:$B,Working!$B18,Data!$C:$C,Working!F$4,Data!$F:$F,Working!F$3), IF($G$2="Units",SUMIFS(Data!$E:$E,Data!$A:$A,Working!F$5,Data!$B:$B,Working!$B18,Data!$C:$C,Working!F$4,Data!$F:$F,Working!F$3),SUMIFS(Data!$G:$G,Data!$A:$A,Working!F$5,Data!$B:$B,Working!$B18,Data!$C:$C,Working!F$4,Data!$F:$F,Working!F$3)))) -> 26765.706 | G18: =IF(G$3="All Routes", IF($G$2="Tonnage",SUMIFS(Data!$D:$D,Data!$A:$A,Working!G$5,Data!$B:$B,Working!$B18,Data!$C:$C,Working!G$4), IF($G$2="Units",SUMIFS(Data!$E:$E,Data!$A:$A,Working!G$5,Data!$B:$B,Working!$B18,Data!$C:$C,Working!G$4),SUMIFS(Data!$G:$G,Data!$A:$A,Working!G$5,Data!$B:$B,Working!$B18,Data!$C:$C,Working!G$4))), IF($G$2="Tonnage",SUMIFS(Data!$D:$D,Data!$A:$A,Working!G$5,Data!$B:$B,Working!$B18,Data!$C:$C,Working!G$4,Data!$F:$F,Working!G$3), IF($G$2="Units",SUMIFS(Data!$E:$E,Data!$A:$A,Working!G$5,Data!$B:$B,Working!$B18,Data!$C:$C,Working!G$4,Data!$F:$F,Working!G$3),SUMIFS(Data!$G:$G,Data!$A:$A,Working!G$5,Data!$B:$B,Working!$B18,Data!$C:$C,Working!G$4,Data!$F:$F,Working!G$3)))) -> 25700.436 | H18: =IF(H$3="All Routes", IF($G$2="Tonnage",SUMIFS(Data!$D:$D,Data!$A:$A,Working!H$5,Data!$B:$B,Working!$B18,Data!$C:$C,Working!H$4), IF($G$2="Units",SUMIFS(Data!$E:$E,Data!$A:$A,Working!H$5,Data!$B:$B,Working!$B18,Data!$C:$C,Working!H$4),SUMIFS(Data!$G:$G,Data!$A:$A,Working!H$5,Data!$B:$B,Working!$B18,Data!$C:$C,Working!H$4))), IF($G$2="Tonnage",SUMIFS(Data!$D:$D,Data!$A:$A,Working!H$5,Data!$B:$B,Working!$B18,Data!$C:$C,Working!H$4,Data!$F:$F,Working!H$3), IF($G$2="Units",SUMIFS(Data!$E:$E,Data!$A:$A,Working!H$5,Data!$B:$B,Working!$B18,Data!$C:$C,Working!H$4,Data!$F:$F,Working!H$3),SUMIFS(Data!$G:$G,Data!$A:$A,Working!H$5,Data!$B:$B,Working!$B18,Data!$C:$C,Working!H$4,Data!$F:$F,Working!H$3)))) -> 30244.413 | I18: =IF(I$3="All Routes", IF($G$2="Tonnage",SUMIFS(Data!$D:$D,Data!$A:$A,Working!I$5,Data!$B:$B,Working!$B18,Data!$C:$C,Working!I$4), IF($G$2="Units",SUMIFS(Data!$E:$E,Data!$A:$A,Working!I$5,Data!$B:$B,Working!$B18,Data!$C:$C,Working!I$4),SUMIFS(Data!$G:$G,Data!$A:$A,Working!I$5,Data!$B:$B,Working!$B18,Data!$C:$C,Working!I$4))), IF($G$2="Tonnage",SUMIFS(Data!$D:$D,Data!$A:$A,Working!I$5,Data!$B:$B,Working!$B18,Data!$C:$C,Working!I$4,Data!$F:$F,Working!I$3), IF($G$2="Units",SUMIFS(Data!$E:$E,Data!$A:$A,Working!I$5,Data!$B:$B,Working!$B18,Data!$C:$C,Working!I$4,Data!$F:$F,Working!I$3),SUMIFS(Data!$G:$G,Data!$A:$A,Working!I$5,Data!$B:$B,Working!$B18,Data!$C:$C,Working!I$4,Data!$F:$F,Working!I$3)))) -> 30082.465 | J18: =IF(J$3="All Routes", IF($G$2="Tonnage",SUMIFS(Data!$D:$D,Data!$A:$A,Working!J$5,Data!$B:$B,Working!$B18,Data!$C:$C,Working!J$4), IF($G$2="Units",SUMIFS(Data!$E:$E,Data!$A:$A,Working!J$5,Data!$B:$B,Working!$B18,Data!$C:$C,Working!J$4),SUMIFS(Data!$G:$G,Data!$A:$A,Working!J$5,Data!$B:$B,Working!$B18,Data!$C:$C,Working!J$4))), IF($G$2="Tonnage",SUMIFS(Data!$D:$D,Data!$A:$A,Working!J$5,Data!$B:$B,Working!$B18,Data!$C:$C,Working!J$4,Data!$F:$F,Working!J$3), IF($G$2="Units",SUMIFS(Data!$E:$E,Data!$A:$A,Working!J$5,Data!$B:$B,Working!$B18,Data!$C:$C,Working!J$4,Data!$F:$F,Working!J$3),SUMIFS(Data!$G:$G,Data!$A:$A,Working!J$5,Data!$B:$B,Working!$B18,Data!$C:$C,Working!J$4,Data!$F:$F,Working!J$3)))) -> 31773.799 | K18: =IF(K$3="All Routes", IF($G$2="Tonnage",SUMIFS(Data!$D:$D,Data!$A:$A,Working!K$5,Data!$B:$B,Working!$B18,Data!$C:$C,Working!K$4), IF($G$2="Units",SUMIFS(Data!$E:$E,Data!$A:$A,Working!K$5,Data!$B:$B,Working!$B18,Data!$C:$C,Working!K$4),SUMIFS(Data!$G:$G,Data!$A:$A,Working!K$5,Data!$B:$B,Working!$B18,Data!$C:$C,Working!K$4))), IF($G$2="Tonnage",SUMIFS(Data!$D:$D,Data!$A:$A,Working!K$5,Data!$B:$B,Working!$B18,Data!$C:$C,Working!K$4,Data!$F:$F,Working!K$3), IF($G$2="Units",SUMIFS(Data!$E:$E,Data!$A:$A,Working!K$5,Data!$B:$B,Working!$B18,Data!$C:$C,Working!K$4,Data!$F:$F,Working!K$3),SUMIFS(Data!$G:$G,Data!$A:$A,Working!K$5,Data!$B:$B,Working!$B18,Data!$C:$C,Working!K$4,Data!$F:$F,Working!K$3)))) -> 34792.939 | ... AC18: =IF(AC$3="All Routes", IF($G$2="Tonnage",SUMIFS(Data!$D:$D,Data!$A:$A,Working!AC$5,Data!$B:$B,Working!$B18,Data!$C:$C,Working!AC$4), IF($G$2="Units",SUMIFS(Data!$E:$E,Data!$A:$A,Working!AC$5,Data!$B:$B,Working!$B18,Data!$C:$C,Working!AC$4),SUMIFS(Data!$G:$G,Data!$A:$A,Working!AC$5,Data!$B:$B,Working!$B18,Data!$C:$C,Working!AC$4))), IF($G$2="Tonnage",SUMIFS(Data!$D:$D,Data!$A:$A,Working!AC$5,Data!$B:$B,Working!$B18,Data!$C:$C,Working!AC$4,Data!$F:$F,Working!AC$3), IF($G$2="Units",SUMIFS(Data!$E:$E,Data!$A:$A,Working!AC$5,Data!$B:$B,Working!$B18,Data!$C:$C,Working!AC$4,Data!$F:$F,Working!AC$3),SUMIFS(Data!$G:$G,Data!$A:$A,Working!AC$5,Data!$B:$B,Working!$B18,Data!$C:$C,Working!AC$4,Data!$F:$F,Working!AC$3)))) -> 42575.665 | AE18: =(AC18-AB18)/AB18 -> 0.099099942 | AF18: =AC18-AB18 -> 3838.8192 | AJ18: =AB18-AA18 -> 2557.707 | AK18: =AJ18/AA18 -> 0.070695629
A19: Container traffic | B19: 33 | C19: Containers between 20' and 40' | D19: =IF(D$3="All Routes", IF($G$2="Tonnage",SUMIFS(Data!$D:$D,Data!$A:$A,Working!D$5,Data!$B:$B,Working!$B19,Data!$C:$C,Working!D$4), IF($G$2="Units",SUMIFS(Data!$E:$E,Data!$A:$A,Working!D$5,Data!$B:$B,Working!$B19,Data!$C:$C,Working!D$4),SUMIFS(Data!$G:$G,Data!$A:$A,Working!D$5,Data!$B:$B,Working!$B19,Data!$C:$C,Working!D$4))), IF($G$2="Tonnage",SUMIFS(Data!$D:$D,Data!$A:$A,Working!D$5,Data!$B:$B,Working!$B19,Data!$C:$C,Working!D$4,Data!$F:$F,Working!D$3), IF($G$2="Units",SUMIFS(Data!$E:$E,Data!$A:$A,Working!D$5,Data!$B:$B,Working!$B19,Data!$C:$C,Working!D$4,Data!$F:$F,Working!D$3),SUMIFS(Data!$G:$G,Data!$A:$A,Working!D$5,Data!$B:$B,Working!$B19,Data!$C:$C,Working!D$4,Data!$F:$F,Working!D$3)))) -> 1154.949 | E19: =IF(E$3="All Routes", IF($G$2="Tonnage",SUMIFS(Data!$D:$D,Data!$A:$A,Working!E$5,Data!$B:$B,Working!$B19,Data!$C:$C,Working!E$4), IF($G$2="Units",SUMIFS(Data!$E:$E,Data!$A:$A,Working!E$5,Data!$B:$B,Working!$B19,Data!$C:$C,Working!E$4),SUMIFS(Data!$G:$G,Data!$A:$A,Working!E$5,Data!$B:$B,Working!$B19,Data!$C:$C,Working!E$4))), IF($G$2="Tonnage",SUMIFS(Data!$D:$D,Data!$A:$A,Working!E$5,Data!$B:$B,Working!$B19,Data!$C:$C,Working!E$4,Data!$F:$F,Working!E$3), IF($G$2="Units",SUMIFS(Data!$E:$E,Data!$A:$A,Working!E$5,Data!$B:$B,Working!$B19,Data!$C:$C,Working!E$4,Data!$F:$F,Working!E$3),SUMIFS(Data!$G:$G,Data!$A:$A,Working!E$5,Data!$B:$B,Working!$B19,Data!$C:$C,Working!E$4,Data!$F:$F,Working!E$3)))) -> 1345.956 | F19: =IF(F$3="All Routes", IF($G$2="Tonnage",SUMIFS(Data!$D:$D,Data!$A:$A,Working!F$5,Data!$B:$B,Working!$B19,Data!$C:$C,Working!F$4), IF($G$2="Units",SUMIFS(Data!$E:$E,Data!$A:$A,Working!F$5,Data!$B:$B,Working!$B19,Data!$C:$C,Working!F$4),SUMIFS(Data!$G:$G,Data!$A:$A,Working!F$5,Data!$B:$B,Working!$B19,Data!$C:$C,Working!F$4))), IF($G$2="Tonnage",SUMIFS(Data!$D:$D,Data!$A:$A,Working!F$5,Data!$B:$B,Working!$B19,Data!$C:$C,Working!F$4,Data!$F:$F,Working!F$3), IF($G$2="Units",SUMIFS(Data!$E:$E,Data!$A:$A,Working!F$5,Data!$B:$B,Working!$B19,Data!$C:$C,Working!F$4,Data!$F:$F,Working!F$3),SUMIFS(Data!$G:$G,Data!$A:$A,Working!F$5,Data!$B:$B,Working!$B19,Data!$C:$C,Working!F$4,Data!$F:$F,Working!F$3)))) -> 1188.177 | G19: =IF(G$3="All Routes", IF($G$2="Tonnage",SUMIFS(Data!$D:$D,Data!$A:$A,Working!G$5,Data!$B:$B,Working!$B19,Data!$C:$C,Working!G$4), IF($G$2="Units",SUMIFS(Data!$E:$E,Data!$A:$A,Working!G$5,Data!$B:$B,Working!$B19,Data!$C:$C,Working!G$4),SUMIFS(Data!$G:$G,Data!$A:$A,Working!G$5,Data!$B:$B,Working!$B19,Data!$C:$C,Working!G$4))), IF($G$2="Tonnage",SUMIFS(Data!$D:$D,Data!$A:$A,Working!G$5,Data!$B:$B,Working!$B19,Data!$C:$C,Working!G$4,Data!$F:$F,Working!G$3), IF($G$2="Units",SUMIFS(Data!$E:$E,Data!$A:$A,Working!G$5,Data!$B:$B,Working!$B19,Data!$C:$C,Working!G$4,Data!$F:$F,Working!G$3),SUMIFS(Data!$G:$G,Data!$A:$A,Working!G$5,Data!$B:$B,Working!$B19,Data!$C:$C,Working!G$4,Data!$F:$F,Working!G$3)))) -> 1506.863 | H19: =IF(H$3="All Routes", IF($G$2="Tonnage",SUMIFS(Data!$D:$D,Data!$A:$A,Working!H$5,Data!$B:$B,Working!$B19,Data!$C:$C,Working!H$4), IF($G$2="Units",SUMIFS(Data!$E:$E,Data!$A:$A,Working!H$5,Data!$B:$B,Working!$B19,Data!$C:$C,Working!H$4),SUMIFS(Data!$G:$G,Data!$A:$A,Working!H$5,Data!$B:$B,Working!$B19,Data!$C:$C,Working!H$4))), IF($G$2="Tonnage",SUMIFS(Data!$D:$D,Data!$A:$A,Working!H$5,Data!$B:$B,Working!$B19,Data!$C:$C,Working!H$4,Data!$F:$F,Working!H$3), IF($G$2="Units",SUMIFS(Data!$E:$E,Data!$A:$A,Working!H$5,Data!$B:$B,Working!$B19,Data!$C:$C,Working!H$4,Data!$F:$F,Working!H$3),SUMIFS(Data!$G:$G,Data!$A:$A,Working!H$5,Data!$B:$B,Working!$B19,Data!$C:$C,Working!H$4,Data!$F:$F,Working!H$3)))) -> 1678.322 | I19: =IF(I$3="All Routes", IF($G$2="Tonnage",SUMIFS(Data!$D:$D,Data!$A:$A,Working!I$5,Data!$B:$B,Working!$B19,Data!$C:$C,Working!I$4), IF($G$2="Units",SUMIFS(Data!$E:$E,Data!$A:$A,Working!I$5,Data!$B:$B,Working!$B19,Data!$C:$C,Working!I$4),SUMIFS(Data!$G:$G,Data!$A:$A,Working!I$5,Data!$B:$B,Working!$B19,Data!$C:$C,Working!I$4))), IF($G$2="Tonnage",SUMIFS(Data!$D:$D,Data!$A:$A,Working!I$5,Data!$B:$B,Working!$B19,Data!$C:$C,Working!I$4,Data!$F:$F,Working!I$3), IF($G$2="Units",SUMIFS(Data!$E:$E,Data!$A:$A,Working!I$5,Data!$B:$B,Working!$B19,Data!$C:$C,Working!I$4,Data!$F:$F,Working!I$3),SUMIFS(Data!$G:$G,Data!$A:$A,Working!I$5,Data!$B:$B,Working!$B19,Data!$C:$C,Working!I$4,Data!$F:$F,Working!I$3)))) -> 786.763 | J19: =IF(J$3="All Routes", IF($G$2="Tonnage",SUMIFS(Data!$D:$D,Data!$A:$A,Working!J$5,Data!$B:$B,Working!$B19,Data!$C:$C,Working!J$4), IF($G$2="Units",SUMIFS(Data!$E:$E,Data!$A:$A,Working!J$5,Data!$B:$B,Working!$B19,Data!$C:$C,Working!J$4),SUMIFS(Data!$G:$G,Data!$A:$A,Working!J$5,Data!$B:$B,Working!$B19,Data!$C:$C,Working!J$4))), IF($G$2="Tonnage",SUMIFS(Data!$D:$D,Data!$A:$A,Working!J$5,Data!$B:$B,Working!$B19,Data!$C:$C,Working!J$4,Data!$F:$F,Working!J$3), IF($G$2="Units",SUMIFS(Data!$E:$E,Data!$A:$A,Working!J$5,Data!$B:$B,Working!$B19,Data!$C:$C,Working!J$4,Data!$F:$F,Working!J$3),SUMIFS(Data!$G:$G,Data!$A:$A,Working!J$5,Data!$B:$B,Working!$B19,Data!$C:$C,Working!J$4,Data!$F:$F,Working!J$3)))) -> 580.687 | K19: =IF(K$3="All Routes", IF($G$2="Tonnage",SUMIFS(Data!$D:$D,Data!$A:$A,Working!K$5,Data!$B:$B,Working!$B19,Data!$C:$C,Working!K$4), IF($G$2="Units",SUMIFS(Data!$E:$E,Data!$A:$A,Working!K$5,Data!$B:$B,Working!$B19,Data!$C:$C,Working!K$4),SUMIFS(Data!$G:$G,Data!$A:$A,Working!K$5,Data!$B:$B,Working!$B19,Data!$C:$C,Working!K$4))), IF($G$2="Tonnage",SUMIFS(Data!$D:$D,Data!$A:$A,Working!K$5,Data!$B:$B,Working!$B19,Data!$C:$C,Working!K$4,Data!$F:$F,Working!K$3), IF($G$2="Units",SUMIFS(Data!$E:$E,Data!$A:$A,Working!K$5,Data!$B:$B,Working!$B19,Data!$C:$C,Working!K$4,Data!$F:$F,Working!K$3),SUMIFS(Data!$G:$G,Data!$A:$A,Working!K$5,Data!$B:$B,Working!$B19,Data!$C:$C,Working!K$4,Data!$F:$F,Working!K$3)))) -> 2271.349 | ... AC19: =IF(AC$3="All Routes", IF($G$2="Tonnage",SUMIFS(Data!$D:$D,Data!$A:$A,Working!AC$5,Data!$B:$B,Working!$B19,Data!$C:$C,Working!AC$4), IF($G$2="Units",SUMIFS(Data!$E:$E,Data!$A:$A,Working!AC$5,Data!$B:$B,Working!$B19,Data!$C:$C,Working!AC$4),SUMIFS(Data!$G:$G,Data!$A:$A,Working!AC$5,Data!$B:$B,Working!$B19,Data!$C:$C,Working!AC$4))), IF($G$2="Tonnage",SUMIFS(Data!$D:$D,Data!$A:$A,Working!AC$5,Data!$B:$B,Working!$B19,Data!$C:$C,Working!AC$4,Data!$F:$F,Working!AC$3), IF($G$2="Units",SUMIFS(Data!$E:$E,Data!$A:$A,Working!AC$5,Data!$B:$B,Working!$B19,Data!$C:$C,Working!AC$4,Data!$F:$F,Working!AC$3),SUMIFS(Data!$G:$G,Data!$A:$A,Working!AC$5,Data!$B:$B,Working!$B19,Data!$C:$C,Working!AC$4,Data!$F:$F,Working!AC$3)))) -> 933.9778 | AE19: =(AC19-AB19)/AB19 -> -0.31447448 | AF19: =AC19-AB19 -> -428.4482 | AJ19: =AB19-AA19 -> 172.036 | AK19: =AJ19/AA19 -> 0.1445207
A20: Container traffic | B20: 34 | C20: Containers over 40' | D20: =IF(D$3="All Routes", IF($G$2="Tonnage",SUMIFS(Data!$D:$D,Data!$A:$A,Working!D$5,Data!$B:$B,Working!$B20,Data!$C:$C,Working!D$4), IF($G$2="Units",SUMIFS(Data!$E:$E,Data!$A:$A,Working!D$5,Data!$B:$B,Working!$B20,Data!$C:$C,Working!D$4),SUMIFS(Data!$G:$G,Data!$A:$A,Working!D$5,Data!$B:$B,Working!$B20,Data!$C:$C,Working!D$4))), IF($G$2="Tonnage",SUMIFS(Data!$D:$D,Data!$A:$A,Working!D$5,Data!$B:$B,Working!$B20,Data!$C:$C,Working!D$4,Data!$F:$F,Working!D$3), IF($G$2="Units",SUMIFS(Data!$E:$E,Data!$A:$A,Working!D$5,Data!$B:$B,Working!$B20,Data!$C:$C,Working!D$4,Data!$F:$F,Working!D$3),SUMIFS(Data!$G:$G,Data!$A:$A,Working!D$5,Data!$B:$B,Working!$B20,Data!$C:$C,Working!D$4,Data!$F:$F,Working!D$3)))) -> 902.157 | E20: =IF(E$3="All Routes", IF($G$2="Tonnage",SUMIFS(Data!$D:$D,Data!$A:$A,Working!E$5,Data!$B:$B,Working!$B20,Data!$C:$C,Working!E$4), IF($G$2="Units",SUMIFS(Data!$E:$E,Data!$A:$A,Working!E$5,Data!$B:$B,Working!$B20,Data!$C:$C,Working!E$4),SUMIFS(Data!$G:$G,Data!$A:$A,Working!E$5,Data!$B:$B,Working!$B20,Data!$C:$C,Working!E$4))), IF($G$2="Tonnage",SUMIFS(Data!$D:$D,Data!$A:$A,Working!E$5,Data!$B:$B,Working!$B20,Data!$C:$C,Working!E$4,Data!$F:$F,Working!E$3), IF($G$2="Units",SUMIFS(Data!$E:$E,Data!$A:$A,Working!E$5,Data!$B:$B,Working!$B20,Data!$C:$C,Working!E$4,Data!$F:$F,Working!E$3),SUMIFS(Data!$G:$G,Data!$A:$A,Working!E$5,Data!$B:$B,Working!$B20,Data!$C:$C,Working!E$4,Data!$F:$F,Working!E$3)))) -> 1958.964 | F20: =IF(F$3="All Routes", IF($G$2="Tonnage",SUMIFS(Data!$D:$D,Data!$A:$A,Working!F$5,Data!$B:$B,Working!$B20,Data!$C:$C,Working!F$4), IF($G$2="Units",SUMIFS(Data!$E:$E,Data!$A:$A,Working!F$5,Data!$B:$B,Working!$B20,Data!$C:$C,Working!F$4),SUMIFS(Data!$G:$G,Data!$A:$A,Working!F$5,Data!$B:$B,Working!$B20,Data!$C:$C,Working!F$4))), IF($G$2="Tonnage",SUMIFS(Data!$D:$D,Data!$A:$A,Working!F$5,Data!$B:$B,Working!$B20,Data!$C:$C,Working!F$4,Data!$F:$F,Working!F$3), IF($G$2="Units",SUMIFS(Data!$E:$E,Data!$A:$A,Working!F$5,Data!$B:$B,Working!$B20,Data!$C:$C,Working!F$4,Data!$F:$F,Working!F$3),SUMIFS(Data!$G:$G,Data!$A:$A,Working!F$5,Data!$B:$B,Working!$B20,Data!$C:$C,Working!F$4,Data!$F:$F,Working!F$3)))) -> 3245.917 | G20: =IF(G$3="All Routes", IF($G$2="Tonnage",SUMIFS(Data!$D:$D,Data!$A:$A,Working!G$5,Data!$B:$B,Working!$B20,Data!$C:$C,Working!G$4), IF($G$2="Units",SUMIFS(Data!$E:$E,Data!$A:$A,Working!G$5,Data!$B:$B,Working!$B20,Data!$C:$C,Working!G$4),SUMIFS(Data!$G:$G,Data!$A:$A,Working!G$5,Data!$B:$B,Working!$B20,Data!$C:$C,Working!G$4))), IF($G$2="Tonnage",SUMIFS(Data!$D:$D,Data!$A:$A,Working!G$5,Data!$B:$B,Working!$B20,Data!$C:$C,Working!G$4,Data!$F:$F,Working!G$3), IF($G$2="Units",SUMIFS(Data!$E:$E,Data!$A:$A,Working!G$5,Data!$B:$B,Working!$B20,Data!$C:$C,Working!G$4,Data!$F:$F,Working!G$3),SUMIFS(Data!$G:$G,Data!$A:$A,Working!G$5,Data!$B:$B,Working!$B20,Data!$C:$C,Working!G$4,Data!$F:$F,Working!G$3)))) -> 4216.126 | H20: =IF(H$3="All Routes", IF($G$2="Tonnage",SUMIFS(Data!$D:$D,Data!$A:$A,Working!H$5,Data!$B:$B,Working!$B20,Data!$C:$C,Working!H$4), IF($G$2="Units",SUMIFS(Data!$E:$E,Data!$A:$A,Working!H$5,Data!$B:$B,Working!$B20,Data!$C:$C,Working!H$4),SUMIFS(Data!$G:$G,Data!$A:$A,Working!H$5,Data!$B:$B,Working!$B20,Data!$C:$C,Working!H$4))), IF($G$2="Tonnage",SUMIFS(Data!$D:$D,Data!$A:$A,Working!H$5,Data!$B:$B,Working!$B20,Data!$C:$C,Working!H$4,Data!$F:$F,Working!H$3), IF($G$2="Units",SUMIFS(Data!$E:$E,Data!$A:$A,Working!H$5,Data!$B:$B,Working!$B20,Data!$C:$C,Working!H$4,Data!$F:$F,Working!H$3),SUMIFS(Data!$G:$G,Data!$A:$A,Working!H$5,Data!$B:$B,Working!$B20,Data!$C:$C,Working!H$4,Data!$F:$F,Working!H$3)))) -> 3478.587 | I20: =IF(I$3="All Routes", IF($G$2="Tonnage",SUMIFS(Data!$D:$D,Data!$A:$A,Working!I$5,Data!$B:$B,Working!$B20,Data!$C:$C,Working!I$4), IF($G$2="Units",SUMIFS(Data!$E:$E,Data!$A:$A,Working!I$5,Data!$B:$B,Working!$B20,Data!$C:$C,Working!I$4),SUMIFS(Data!$G:$G,Data!$A:$A,Working!I$5,Data!$B:$B,Working!$B20,Data!$C:$C,Working!I$4))), IF($G$2="Tonnage",SUMIFS(Data!$D:$D,Data!$A:$A,Working!I$5,Data!$B:$B,Working!$B20,Data!$C:$C,Working!I$4,Data!$F:$F,Working!I$3), IF($G$2="Units",SUMIFS(Data!$E:$E,Data!$A:$A,Working!I$5,Data!$B:$B,Working!$B20,Data!$C:$C,Working!I$4,Data!$F:$F,Working!I$3),SUMIFS(Data!$G:$G,Data!$A:$A,Working!I$5,Data!$B:$B,Working!$B20,Data!$C:$C,Working!I$4,Data!$F:$F,Working!I$3)))) -> 3292.679 | J20: =IF(J$3="All Routes", IF($G$2="Tonnage",SUMIFS(Data!$D:$D,Data!$A:$A,Working!J$5,Data!$B:$B,Working!$B20,Data!$C:$C,Working!J$4), IF($G$2="Units",SUMIFS(Data!$E:$E,Data!$A:$A,Working!J$5,Data!$B:$B,Working!$B20,Data!$C:$C,Working!J$4),SUMIFS(Data!$G:$G,Data!$A:$A,Working!J$5,Data!$B:$B,Working!$B20,Data!$C:$C,Working!J$4))), IF($G$2="Tonnage",SUMIFS(Data!$D:$D,Data!$A:$A,Working!J$5,Data!$B:$B,Working!$B20,Data!$C:$C,Working!J$4,Data!$F:$F,Working!J$3), IF($G$2="Units",SUMIFS(Data!$E:$E,Data!$A:$A,Working!J$5,Data!$B:$B,Working!$B20,Data!$C:$C,Working!J$4,Data!$F:$F,Working!J$3),SUMIFS(Data!$G:$G,Data!$A:$A,Working!J$5,Data!$B:$B,Working!$B20,Data!$C:$C,Working!J$4,Data!$F:$F,Working!J$3)))) -> 3457.371 | K20: =IF(K$3="All Routes", IF($G$2="Tonnage",SUMIFS(Data!$D:$D,Data!$A:$A,Working!K$5,Data!$B:$B,Working!$B20,Data!$C:$C,Working!K$4), IF($G$2="Units",SUMIFS(Data!$E:$E,Data!$A:$A,Working!K$5,Data!$B:$B,Working!$B20,Data!$C:$C,Working!K$4),SUMIFS(Data!$G:$G,Data!$A:$A,Working!K$5,Data!$B:$B,Working!$B20,Data!$C:$C,Working!K$4))), IF($G$2="Tonnage",SUMIFS(Data!$D:$D,Data!$A:$A,Working!K$5,Data!$B:$B,Working!$B20,Data!$C:$C,Working!K$4,Data!$F:$F,Working!K$3), IF($G$2="Units",SUMIFS(Data!$E:$E,Data!$A:$A,Working!K$5,Data!$B:$B,Working!$B20,Data!$C:$C,Working!K$4,Data!$F:$F,Working!K$3),SUMIFS(Data!$G:$G,Data!$A:$A,Working!K$5,Data!$B:$B,Working!$B20,Data!$C:$C,Working!K$4,Data!$F:$F,Working!K$3)))) -> 4357.465 | ... AC20: =IF(AC$3="All Routes", IF($G$2="Tonnage",SUMIFS(Data!$D:$D,Data!$A:$A,Working!AC$5,Data!$B:$B,Working!$B20,Data!$C:$C,Working!AC$4), IF($G$2="Units",SUMIFS(Data!$E:$E,Data!$A:$A,Working!AC$5,Data!$B:$B,Working!$B20,Data!$C:$C,Working!AC$4),SUMIFS(Data!$G:$G,Data!$A:$A,Working!AC$5,Data!$B:$B,Working!$B20,Data!$C:$C,Working!AC$4))), IF($G$2="Tonnage",SUMIFS(Data!$D:$D,Data!$A:$A,Working!AC$5,Data!$B:$B,Working!$B20,Data!$C:$C,Working!AC$4,Data!$F:$F,Working!AC$3), IF($G$2="Units",SUMIFS(Data!$E:$E,Data!$A:$A,Working!AC$5,Data!$B:$B,Working!$B20,Data!$C:$C,Working!AC$4,Data!$F:$F,Working!AC$3),SUMIFS(Data!$G:$G,Data!$A:$A,Working!AC$5,Data!$B:$B,Working!$B20,Data!$C:$C,Working!AC$4,Data!$F:$F,Working!AC$3)))) -> 5611.96 | AE20: =(AC20-AB20)/AB20 -> 0.23213885 | AF20: =AC20-AB20 -> 1057.311 | AJ20: =AB20-AA20 -> -55.789 | AK20: =AJ20/AA20 -> -0.012100586
A21: Container traffic | B21: All Container traffic | C21: All Routes container traffic | D21: =ROUND(SUM(D17:D20),3) -> 51570.568 | E21: =ROUND(SUM(E17:E20),3) -> 51688.897 | F21: =ROUND(SUM(F17:F20),3) -> 51100.224 | G21: =ROUND(SUM(G17:G20),3) -> 51278.909 | H21: =ROUND(SUM(H17:H20),3) -> 56414.391 | I21: =ROUND(SUM(I17:I20),3) -> 53840.058 | J21: =ROUND(SUM(J17:J20),3) -> 54359.381 | K21: =ROUND(SUM(K17:K20),3) -> 60509.644 | ... AC21: =ROUND(SUM(AC17:AC20),3) -> 66882.559 | AD21: =ROUND(SUM(AB17:AB20),3)-AB21 -> 0 | AE21: =(AC21-AB21)/AB21 -> 0.10201495 | AF21: =AC21-AB21 -> 6191.405 | AJ21: =AB21-AA21 -> 2144.576 | AK21: =AJ21/AA21 -> 0.036630254
A22: Roll-on/roll-off traffic | B22: 51 | C22: Road goods vehicles and trailers | D22: =IF(port0201!$B$9="All Routes",IF(port0201!$B$8="TEU","z",ROUND(SUMIFS(CHOOSE(VLOOKUP(port0201!$B$8,Lookup!$A$1:$B$3,2,FALSE),Data!$D:$D,Data!$E:$E,Data!$G:$G),Data!$A:$A,Working!D$5,Data!$B:$B,Working!$B22,Data!$C:$C,Working!D$4,Data!$H:$H,1),3)),IF(port0201!$B$8="TEU","z",ROUND(SUMIFS(CHOOSE(VLOOKUP(port0201!$B$8,Lookup!$A$1:$B$3,2,FALSE),Data!$D:$D,Data!$E:$E,Data!$H:$H),Data!$A:$A,Working!D$5,Data!$B:$B,Working!$B22,Data!$C:$C,Working!D$4,Data!$F:$F,port0201!$B$9),3))) -> 35245.067 | E22: =IF(port0201!$B$9="All Routes",IF(port0201!$B$8="TEU","z",ROUND(SUMIFS(CHOOSE(VLOOKUP(port0201!$B$8,Lookup!$A$1:$B$3,2,FALSE),Data!$D:$D,Data!$E:$E,Data!$G:$G),Data!$A:$A,Working!E$5,Data!$B:$B,Working!$B22,Data!$C:$C,Working!E$4,Data!$H:$H,1),3)),IF(port0201!$B$8="TEU","z",ROUND(SUMIFS(CHOOSE(VLOOKUP(port0201!$B$8,Lookup!$A$1:$B$3,2,FALSE),Data!$D:$D,Data!$E:$E,Data!$H:$H),Data!$A:$A,Working!E$5,Data!$B:$B,Working!$B22,Data!$C:$C,Working!E$4,Data!$F:$F,port0201!$B$9),3))) -> 37179.773 | F22: =IF(port0201!$B$9="All Routes",IF(port0201!$B$8="TEU","z",ROUND(SUMIFS(CHOOSE(VLOOKUP(port0201!$B$8,Lookup!$A$1:$B$3,2,FALSE),Data!$D:$D,Data!$E:$E,Data!$G:$G),Data!$A:$A,Working!F$5,Data!$B:$B,Working!$B22,Data!$C:$C,Working!F$4,Data!$H:$H,1),3)),IF(port0201!$B$8="TEU","z",ROUND(SUMIFS(CHOOSE(VLOOKUP(port0201!$B$8,Lookup!$A$1:$B$3,2,FALSE),Data!$D:$D,Data!$E:$E,Data!$H:$H),Data!$A:$A,Working!F$5,Data!$B:$B,Working!$B22,Data!$C:$C,Working!F$4,Data!$F:$F,port0201!$B$9),3))) -> 38924.122 | G22: =IF(port0201!$B$9="All Routes",IF(port0201!$B$8="TEU","z",ROUND(SUMIFS(CHOOSE(VLOOKUP(port0201!$B$8,Lookup!$A$1:$B$3,2,FALSE),Data!$D:$D,Data!$E:$E,Data!$G:$G),Data!$A:$A,Working!G$5,Data!$B:$B,Working!$B22,Data!$C:$C,Working!G$4,Data!$H:$H,1),3)),IF(port0201!$B$8="TEU","z",ROUND(SUMIFS(CHOOSE(VLOOKUP(port0201!$B$8,Lookup!$A$1:$B$3,2,FALSE),Data!$D:$D,Data!$E:$E,Data!$H:$H),Data!$A:$A,Working!G$5,Data!$B:$B,Working!$B22,Data!$C:$C,Working!G$4,Data!$F:$F,port0201!$B$9),3))) -> 38668.354 | H22: =IF(port0201!$B$9="All Routes",IF(port0201!$B$8="TEU","z",ROUND(SUMIFS(CHOOSE(VLOOKUP(port0201!$B$8,Lookup!$A$1:$B$3,2,FALSE),Data!$D:$D,Data!$E:$E,Data!$G:$G),Data!$A:$A,Working!H$5,Data!$B:$B,Working!$B22,Data!$C:$C,Working!H$4,Data!$H:$H,1),3)),IF(port0201!$B$8="TEU","z",ROUND(SUMIFS(CHOOSE(VLOOKUP(port0201!$B$8,Lookup!$A$1:$B$3,2,FALSE),Data!$D:$D,Data!$E:$E,Data!$H:$H),Data!$A:$A,Working!H$5,Data!$B:$B,Working!$B22,Data!$C:$C,Working!H$4,Data!$F:$F,port0201!$B$9),3))) -> 42945.187 | I22: =IF(port0201!$B$9="All Routes",IF(port0201!$B$8="TEU","z",ROUND(SUMIFS(CHOOSE(VLOOKUP(port0201!$B$8,Lookup!$A$1:$B$3,2,FALSE),Data!$D:$D,Data!$E:$E,Data!$G:$G),Data!$A:$A,Working!I$5,Data!$B:$B,Working!$B22,Data!$C:$C,Working!I$4,Data!$H:$H,1),3)),IF(port0201!$B$8="TEU","z",ROUND(SUMIFS(CHOOSE(VLOOKUP(port0201!$B$8,Lookup!$A$1:$B$3,2,FALSE),Data!$D:$D,Data!$E:$E,Data!$H:$H),Data!$A:$A,Working!I$5,Data!$B:$B,Working!$B22,Data!$C:$C,Working!I$4,Data!$F:$F,port0201!$B$9),3))) -> 45047.527 | J22: =IF(port0201!$B$9="All Routes",IF(port0201!$B$8="TEU","z",ROUND(SUMIFS(CHOOSE(VLOOKUP(port0201!$B$8,Lookup!$A$1:$B$3,2,FALSE),Data!$D:$D,Data!$E:$E,Data!$G:$G),Data!$A:$A,Working!J$5,Data!$B:$B,Working!$B22,Data!$C:$C,Working!J$4,Data!$H:$H,1),3)),IF(port0201!$B$8="TEU","z",ROUND(SUMIFS(CHOOSE(VLOOKUP(port0201!$B$8,Lookup!$A$1:$B$3,2,FALSE),Data!$D:$D,Data!$E:$E,Data!$H:$H),Data!$A:$A,Working!J$5,Data!$B:$B,Working!$B22,Data!$C:$C,Working!J$4,Data!$F:$F,port0201!$B$9),3))) -> 46782.139 | K22: =IF(port0201!$B$9="All Routes",IF(port0201!$B$8="TEU","z",ROUND(SUMIFS(CHOOSE(VLOOKUP(port0201!$B$8,Lookup!$A$1:$B$3,2,FALSE),Data!$D:$D,Data!$E:$E,Data!$G:$G),Data!$A:$A,Working!K$5,Data!$B:$B,Working!$B22,Data!$C:$C,Working!K$4,Data!$H:$H,1),3)),IF(port0201!$B$8="TEU","z",ROUND(SUMIFS(CHOOSE(VLOOKUP(port0201!$B$8,Lookup!$A$1:$B$3,2,FALSE),Data!$D:$D,Data!$E:$E,Data!$H:$H),Data!$A:$A,Working!K$5,Data!$B:$B,Working!$B22,Data!$C:$C,Working!K$4,Data!$F:$F,port0201!$B$9),3))) -> 48010.453 | ... AC22: =IF(port0201!$B$9="All Routes",IF(port0201!$B$8="TEU","z",ROUND(SUMIFS(CHOOSE(VLOOKUP(port0201!$B$8,Lookup!$A$1:$B$3,2,FALSE),Data!$D:$D,Data!$E:$E,Data!$G:$G),Data!$A:$A,Working!AC$5,Data!$B:$B,Working!$B22,Data!$C:$C,Working!AC$4,Data!$H:$H,1),3)),IF(port0201!$B$8="TEU","z",ROUND(SUMIFS(CHOOSE(VLOOKUP(port0201!$B$8,Lookup!$A$1:$B$3,2,FALSE),Data!$D:$D,Data!$E:$E,Data!$H:$H),Data!$A:$A,Working!AC$5,Data!$B:$B,Working!$B22,Data!$C:$C,Working!AC$4,Data!$F:$F,port0201!$B$9),3))) -> 37403.712 | AE22: =(AC22-AB22)/AB22 -> 0.01603867 | AF22: =AC22-AB22 -> 590.436 | AJ22: =AB22-AA22 -> -77.125 | AK22: =AJ22/AA22 -> -0.0020906523
A23: Roll-on/roll-off traffic | B23: 61 | C23: Unaccompanied road goods trailers | D23: =IF(port0201!$B$9="All Routes",IF(port0201!$B$8="TEU","z",ROUND(SUMIFS(CHOOSE(VLOOKUP(port0201!$B$8,Lookup!$A$1:$B$3,2,FALSE),Data!$D:$D,Data!$E:$E,Data!$G:$G),Data!$A:$A,Working!D$5,Data!$B:$B,Working!$B23,Data!$C:$C,Working!D$4,Data!$H:$H,1),3)),IF(port0201!$B$8="TEU","z",ROUND(SUMIFS(CHOOSE(VLOOKUP(port0201!$B$8,Lookup!$A$1:$B$3,2,FALSE),Data!$D:$D,Data!$E:$E,Data!$H:$H),Data!$A:$A,Working!D$5,Data!$B:$B,Working!$B23,Data!$C:$C,Working!D$4,Data!$F:$F,port0201!$B$9),3))) -> 38250.085 | E23: =IF(port0201!$B$9="All Routes",IF(port0201!$B$8="TEU","z",ROUND(SUMIFS(CHOOSE(VLOOKUP(port0201!$B$8,Lookup!$A$1:$B$3,2,FALSE),Data!$D:$D,Data!$E:$E,Data!$G:$G),Data!$A:$A,Working!E$5,Data!$B:$B,Working!$B23,Data!$C:$C,Working!E$4,Data!$H:$H,1),3)),IF(port0201!$B$8="TEU","z",ROUND(SUMIFS(CHOOSE(VLOOKUP(port0201!$B$8,Lookup!$A$1:$B$3,2,FALSE),Data!$D:$D,Data!$E:$E,Data!$H:$H),Data!$A:$A,Working!E$5,Data!$B:$B,Working!$B23,Data!$C:$C,Working!E$4,Data!$F:$F,port0201!$B$9),3))) -> 35198.664 | F23: =IF(port0201!$B$9="All Routes",IF(port0201!$B$8="TEU","z",ROUND(SUMIFS(CHOOSE(VLOOKUP(port0201!$B$8,Lookup!$A$1:$B$3,2,FALSE),Data!$D:$D,Data!$E:$E,Data!$G:$G),Data!$A:$A,Working!F$5,Data!$B:$B,Working!$B23,Data!$C:$C,Working!F$4,Data!$H:$H,1),3)),IF(port0201!$B$8="TEU","z",ROUND(SUMIFS(CHOOSE(VLOOKUP(port0201!$B$8,Lookup!$A$1:$B$3,2,FALSE),Data!$D:$D,Data!$E:$E,Data!$H:$H),Data!$A:$A,Working!F$5,Data!$B:$B,Working!$B23,Data!$C:$C,Working!F$4,Data!$F:$F,port0201!$B$9),3))) -> 35990.329 | G23: =IF(port0201!$B$9="All Routes",IF(port0201!$B$8="TEU","z",ROUND(SUMIFS(CHOOSE(VLOOKUP(port0201!$B$8,Lookup!$A$1:$B$3,2,FALSE),Data!$D:$D,Data!$E:$E,Data!$G:$G),Data!$A:$A,Working!G$5,Data!$B:$B,Working!$B23,Data!$C:$C,Working!G$4,Data!$H:$H,1),3)),IF(port0201!$B$8="TEU","z",ROUND(SUMIFS(CHOOSE(VLOOKUP(port0201!$B$8,Lookup!$A$1:$B$3,2,FALSE),Data!$D:$D,Data!$E:$E,Data!$H:$H),Data!$A:$A,Working!G$5,Data!$B:$B,Working!$B23,Data!$C:$C,Working!G$4,Data!$F:$F,port0201!$B$9),3))) -> 36466.68 | H23: =IF(port0201!$B$9="All Routes",IF(port0201!$B$8="TEU","z",ROUND(SUMIFS(CHOOSE(VLOOKUP(port0201!$B$8,Lookup!$A$1:$B$3,2,FALSE),Data!$D:$D,Data!$E:$E,Data!$G:$G),Data!$A:$A,Working!H$5,Data!$B:$B,Working!$B23,Data!$C:$C,Working!H$4,Data!$H:$H,1),3)),IF(port0201!$B$8="TEU","z",ROUND(SUMIFS(CHOOSE(VLOOKUP(port0201!$B$8,Lookup!$A$1:$B$3,2,FALSE),Data!$D:$D,Data!$E:$E,Data!$H:$H),Data!$A:$A,Working!H$5,Data!$B:$B,Working!$B23,Data!$C:$C,Working!H$4,Data!$F:$F,port0201!$B$9),3))) -> 37675.477 | I23: =IF(port0201!$B$9="All Routes",IF(port0201!$B$8="TEU","z",ROUND(SUMIFS(CHOOSE(VLOOKUP(port0201!$B$8,Lookup!$A$1:$B$3,2,FALSE),Data!$D:$D,Data!$E:$E,Data!$G:$G),Data!$A:$A,Working!I$5,Data!$B:$B,Working!$B23,Data!$C:$C,Working!I$4,Data!$H:$H,1),3)),IF(port0201!$B$8="TEU","z",ROUND(SUMIFS(CHOOSE(VLOOKUP(port0201!$B$8,Lookup!$A$1:$B$3,2,FALSE),Data!$D:$D,Data!$E:$E,Data!$H:$H),Data!$A:$A,Working!I$5,Data!$B:$B,Working!$B23,Data!$C:$C,Working!I$4,Data!$F:$F,port0201!$B$9),3))) -> 38236.451 | J23: =IF(port0201!$B$9="All Routes",IF(port0201!$B$8="TEU","z",ROUND(SUMIFS(CHOOSE(VLOOKUP(port0201!$B$8,Lookup!$A$1:$B$3,2,FALSE),Data!$D:$D,Data!$E:$E,Data!$G:$G),Data!$A:$A,Working!J$5,Data!$B:$B,Working!$B23,Data!$C:$C,Working!J$4,Data!$H:$H,1),3)),IF(port0201!$B$8="TEU","z",ROUND(SUMIFS(CHOOSE(VLOOKUP(port0201!$B$8,Lookup!$A$1:$B$3,2,FALSE),Data!$D:$D,Data!$E:$E,Data!$H:$H),Data!$A:$A,Working!J$5,Data!$B:$B,Working!$B23,Data!$C:$C,Working!J$4,Data!$F:$F,port0201!$B$9),3))) -> 39275.839 | K23: =IF(port0201!$B$9="All Routes",IF(port0201!$B$8="TEU","z",ROUND(SUMIFS(CHOOSE(VLOOKUP(port0201!$B$8,Lookup!$A$1:$B$3,2,FALSE),Data!$D:$D,Data!$E:$E,Data!$G:$G),Data!$A:$A,Working!K$5,Data!$B:$B,Working!$B23,Data!$C:$C,Working!K$4,Data!$H:$H,1),3)),IF(port0201!$B$8="TEU","z",ROUND(SUMIFS(CHOOSE(VLOOKUP(port0201!$B$8,Lookup!$A$1:$B$3,2,FALSE),Data!$D:$D,Data!$E:$E,Data!$H:$H),Data!$A:$A,Working!K$5,Data!$B:$B,Working!$B23,Data!$C:$C,Working!K$4,Data!$F:$F,port0201!$B$9),3))) -> 38011.873 | ... AC23: =IF(port0201!$B$9="All Routes",IF(port0201!$B$8="TEU","z",ROUND(SUMIFS(CHOOSE(VLOOKUP(port0201!$B$8,Lookup!$A$1:$B$3,2,FALSE),Data!$D:$D,Data!$E:$E,Data!$G:$G),Data!$A:$A,Working!AC$5,Data!$B:$B,Working!$B23,Data!$C:$C,Working!AC$4,Data!$H:$H,1),3)),IF(port0201!$B$8="TEU","z",ROUND(SUMIFS(CHOOSE(VLOOKUP(port0201!$B$8,Lookup!$A$1:$B$3,2,FALSE),Data!$D:$D,Data!$E:$E,Data!$H:$H),Data!$A:$A,Working!AC$5,Data!$B:$B,Working!$B23,Data!$C:$C,Working!AC$4,Data!$F:$F,port0201!$B$9),3))) -> 46424.547 | AE23: =(AC23-AB23)/AB23 -> -0.026319047 | AF23: =AC23-AB23 -> -1254.877 | AJ23: =AB23-AA23 -> 574.88 | AK23: =AJ23/AA23 -> 0.012204343
A24: Roll-on/roll-off traffic | B24: 52, 53 | C24: Passenger-carrying vehicles | D24: =IF(port0201!$B$9="All Routes",IF(port0201!$B$8<>"Units","z",ROUND(SUMIFS(CHOOSE(VLOOKUP(port0201!$B$8,Lookup!$A$1:$B$3,2,FALSE),Data!$D:$D,Data!$E:$E,Data!$G:$G),Data!$A:$A,Working!D$5,Data!$B:$B,52,Data!$C:$C,Working!D$4,Data!$H:$H,1)+SUMIFS(CHOOSE(VLOOKUP(port0201!$B$8,Lookup!$A$1:$B$3,2,FALSE),Data!$D:$D,Data!$E:$E,Data!$G:$G),Data!$A:$A,Working!D$5,Data!$B:$B,53,Data!$C:$C,Working!D$4,Data!$H:$H,1),3)),IF(port0201!$B$8<>"Units","z",ROUND(SUMIFS(CHOOSE(VLOOKUP(port0201!$B$8,Lookup!$A$1:$B$3,2,FALSE),Data!$D:$D,Data!$E:$E,Data!$H:$H),Data!$A:$A,Working!D$5,Data!$B:$B,52,Data!$C:$C,Working!D$4,Data!$F:$F,port0201!$B$9)+SUMIFS(CHOOSE(VLOOKUP(port0201!$B$8,Lookup!$A$1:$B$3,2,FALSE),Data!$D:$D,Data!$E:$E,Data!$H:$H),Data!$A:$A,Working!D$5,Data!$B:$B,53,Data!$C:$C,Working!D$4,Data!$F:$F,port0201!$B$9),3))) -> z | E24: =IF(port0201!$B$9="All Routes",IF(port0201!$B$8<>"Units","z",ROUND(SUMIFS(CHOOSE(VLOOKUP(port0201!$B$8,Lookup!$A$1:$B$3,2,FALSE),Data!$D:$D,Data!$E:$E,Data!$G:$G),Data!$A:$A,Working!E$5,Data!$B:$B,52,Data!$C:$C,Working!E$4,Data!$H:$H,1)+SUMIFS(CHOOSE(VLOOKUP(port0201!$B$8,Lookup!$A$1:$B$3,2,FALSE),Data!$D:$D,Data!$E:$E,Data!$G:$G),Data!$A:$A,Working!E$5,Data!$B:$B,53,Data!$C:$C,Working!E$4,Data!$H:$H,1),3)),IF(port0201!$B$8<>"Units","z",ROUND(SUMIFS(CHOOSE(VLOOKUP(port0201!$B$8,Lookup!$A$1:$B$3,2,FALSE),Data!$D:$D,Data!$E:$E,Data!$H:$H),Data!$A:$A,Working!E$5,Data!$B:$B,52,Data!$C:$C,Working!E$4,Data!$F:$F,port0201!$B$9)+SUMIFS(CHOOSE(VLOOKUP(port0201!$B$8,Lookup!$A$1:$B$3,2,FALSE),Data!$D:$D,Data!$E:$E,Data!$H:$H),Data!$A:$A,Working!E$5,Data!$B:$B,53,Data!$C:$C,Working!E$4,Data!$F:$F,port0201!$B$9),3))) -> z | F24: =IF(port0201!$B$9="All Routes",IF(port0201!$B$8<>"Units","z",ROUND(SUMIFS(CHOOSE(VLOOKUP(port0201!$B$8,Lookup!$A$1:$B$3,2,FALSE),Data!$D:$D,Data!$E:$E,Data!$G:$G),Data!$A:$A,Working!F$5,Data!$B:$B,52,Data!$C:$C,Working!F$4,Data!$H:$H,1)+SUMIFS(CHOOSE(VLOOKUP(port0201!$B$8,Lookup!$A$1:$B$3,2,FALSE),Data!$D:$D,Data!$E:$E,Data!$G:$G),Data!$A:$A,Working!F$5,Data!$B:$B,53,Data!$C:$C,Working!F$4,Data!$H:$H,1),3)),IF(port0201!$B$8<>"Units","z",ROUND(SUMIFS(CHOOSE(VLOOKUP(port0201!$B$8,Lookup!$A$1:$B$3,2,FALSE),Data!$D:$D,Data!$E:$E,Data!$H:$H),Data!$A:$A,Working!F$5,Data!$B:$B,52,Data!$C:$C,Working!F$4,Data!$F:$F,port0201!$B$9)+SUMIFS(CHOOSE(VLOOKUP(port0201!$B$8,Lookup!$A$1:$B$3,2,FALSE),Data!$D:$D,Data!$E:$E,Data!$H:$H),Data!$A:$A,Working!F$5,Data!$B:$B,53,Data!$C:$C,Working!F$4,Data!$F:$F,port0201!$B$9),3))) -> z | G24: =IF(port0201!$B$9="All Routes",IF(port0201!$B$8<>"Units","z",ROUND(SUMIFS(CHOOSE(VLOOKUP(port0201!$B$8,Lookup!$A$1:$B$3,2,FALSE),Data!$D:$D,Data!$E:$E,Data!$G:$G),Data!$A:$A,Working!G$5,Data!$B:$B,52,Data!$C:$C,Working!G$4,Data!$H:$H,1)+SUMIFS(CHOOSE(VLOOKUP(port0201!$B$8,Lookup!$A$1:$B$3,2,FALSE),Data!$D:$D,Data!$E:$E,Data!$G:$G),Data!$A:$A,Working!G$5,Data!$B:$B,53,Data!$C:$C,Working!G$4,Data!$H:$H,1),3)),IF(port0201!$B$8<>"Units","z",ROUND(SUMIFS(CHOOSE(VLOOKUP(port0201!$B$8,Lookup!$A$1:$B$3,2,FALSE),Data!$D:$D,Data!$E:$E,Data!$H:$H),Data!$A:$A,Working!G$5,Data!$B:$B,52,Data!$C:$C,Working!G$4,Data!$F:$F,port0201!$B$9)+SUMIFS(CHOOSE(VLOOKUP(port0201!$B$8,Lookup!$A$1:$B$3,2,FALSE),Data!$D:$D,Data!$E:$E,Data!$H:$H),Data!$A:$A,Working!G$5,Data!$B:$B,53,Data!$C:$C,Working!G$4,Data!$F:$F,port0201!$B$9),3))) -> z | H24: =IF(port0201!$B$9="All Routes",IF(port0201!$B$8<>"Units","z",ROUND(SUMIFS(CHOOSE(VLOOKUP(port0201!$B$8,Lookup!$A$1:$B$3,2,FALSE),Data!$D:$D,Data!$E:$E,Data!$G:$G),Data!$A:$A,Working!H$5,Data!$B:$B,52,Data!$C:$C,Working!H$4,Data!$H:$H,1)+SUMIFS(CHOOSE(VLOOKUP(port0201!$B$8,Lookup!$A$1:$B$3,2,FALSE),Data!$D:$D,Data!$E:$E,Data!$G:$G),Data!$A:$A,Working!H$5,Data!$B:$B,53,Data!$C:$C,Working!H$4,Data!$H:$H,1),3)),IF(port0201!$B$8<>"Units","z",ROUND(SUMIFS(CHOOSE(VLOOKUP(port0201!$B$8,Lookup!$A$1:$B$3,2,FALSE),Data!$D:$D,Data!$E:$E,Data!$H:$H),Data!$A:$A,Working!H$5,Data!$B:$B,52,Data!$C:$C,Working!H$4,Data!$F:$F,port0201!$B$9)+SUMIFS(CHOOSE(VLOOKUP(port0201!$B$8,Lookup!$A$1:$B$3,2,FALSE),Data!$D:$D,Data!$E:$E,Data!$H:$H),Data!$A:$A,Working!H$5,Data!$B:$B,53,Data!$C:$C,Working!H$4,Data!$F:$F,port0201!$B$9),3))) -> z | I24: =IF(port0201!$B$9="All Routes",IF(port0201!$B$8<>"Units","z",ROUND(SUMIFS(CHOOSE(VLOOKUP(port0201!$B$8,Lookup!$A$1:$B$3,2,FALSE),Data!$D:$D,Data!$E:$E,Data!$G:$G),Data!$A:$A,Working!I$5,Data!$B:$B,52,Data!$C:$C,Working!I$4,Data!$H:$H,1)+SUMIFS(CHOOSE(VLOOKUP(port0201!$B$8,Lookup!$A$1:$B$3,2,FALSE),Data!$D:$D,Data!$E:$E,Data!$G:$G),Data!$A:$A,Working!I$5,Data!$B:$B,53,Data!$C:$C,Working!I$4,Data!$H:$H,1),3)),IF(port0201!$B$8<>"Units","z",ROUND(SUMIFS(CHOOSE(VLOOKUP(port0201!$B$8,Lookup!$A$1:$B$3,2,FALSE),Data!$D:$D,Data!$E:$E,Data!$H:$H),Data!$A:$A,Working!I$5,Data!$B:$B,52,Data!$C:$C,Working!I$4,Data!$F:$F,port0201!$B$9)+SUMIFS(CHOOSE(VLOOKUP(port0201!$B$8,Lookup!$A$1:$B$3,2,FALSE),Data!$D:$D,Data!$E:$E,Data!$H:$H),Data!$A:$A,Working!I$5,Data!$B:$B,53,Data!$C:$C,Working!I$4,Data!$F:$F,port0201!$B$9),3))) -> z | J24: =IF(port0201!$B$9="All Routes",IF(port0201!$B$8<>"Units","z",ROUND(SUMIFS(CHOOSE(VLOOKUP(port0201!$B$8,Lookup!$A$1:$B$3,2,FALSE),Data!$D:$D,Data!$E:$E,Data!$G:$G),Data!$A:$A,Working!J$5,Data!$B:$B,52,Data!$C:$C,Working!J$4,Data!$H:$H,1)+SUMIFS(CHOOSE(VLOOKUP(port0201!$B$8,Lookup!$A$1:$B$3,2,FALSE),Data!$D:$D,Data!$E:$E,Data!$G:$G),Data!$A:$A,Working!J$5,Data!$B:$B,53,Data!$C:$C,Working!J$4,Data!$H:$H,1),3)),IF(port0201!$B$8<>"Units","z",ROUND(SUMIFS(CHOOSE(VLOOKUP(port0201!$B$8,Lookup!$A$1:$B$3,2,FALSE),Data!$D:$D,Data!$E:$E,Data!$H:$H),Data!$A:$A,Working!J$5,Data!$B:$B,52,Data!$C:$C,Working!J$4,Data!$F:$F,port0201!$B$9)+SUMIFS(CHOOSE(VLOOKUP(port0201!$B$8,Lookup!$A$1:$B$3,2,FALSE),Data!$D:$D,Data!$E:$E,Data!$H:$H),Data!$A:$A,Working!J$5,Data!$B:$B,53,Data!$C:$C,Working!J$4,Data!$F:$F,port0201!$B$9),3))) -> z | K24: =IF(port0201!$B$9="All Routes",IF(port0201!$B$8<>"Units","z",ROUND(SUMIFS(CHOOSE(VLOOKUP(port0201!$B$8,Lookup!$A$1:$B$3,2,FALSE),Data!$D:$D,Data!$E:$E,Data!$G:$G),Data!$A:$A,Working!K$5,Data!$B:$B,52,Data!$C:$C,Working!K$4,Data!$H:$H,1)+SUMIFS(CHOOSE(VLOOKUP(port0201!$B$8,Lookup!$A$1:$B$3,2,FALSE),Data!$D:$D,Data!$E:$E,Data!$G:$G),Data!$A:$A,Working!K$5,Data!$B:$B,53,Data!$C:$C,Working!K$4,Data!$H:$H,1),3)),IF(port0201!$B$8<>"Units","z",ROUND(SUMIFS(CHOOSE(VLOOKUP(port0201!$B$8,Lookup!$A$1:$B$3,2,FALSE),Data!$D:$D,Data!$E:$E,Data!$H:$H),Data!$A:$A,Working!K$5,Data!$B:$B,52,Data!$C:$C,Working!K$4,Data!$F:$F,port0201!$B$9)+SUMIFS(CHOOSE(VLOOKUP(port0201!$B$8,Lookup!$A$1:$B$3,2,FALSE),Data!$D:$D,Data!$E:$E,Data!$H:$H),Data!$A:$A,Working!K$5,Data!$B:$B,53,Data!$C:$C,Working!K$4,Data!$F:$F,port0201!$B$9),3))) -> z | ... AC24: =IF(port0201!$B$9="All Routes",IF(port0201!$B$8<>"Units","z",ROUND(SUMIFS(CHOOSE(VLOOKUP(port0201!$B$8,Lookup!$A$1:$B$3,2,FALSE),Data!$D:$D,Data!$E:$E,Data!$G:$G),Data!$A:$A,Working!AC$5,Data!$B:$B,52,Data!$C:$C,Working!AC$4,Data!$H:$H,1)+SUMIFS(CHOOSE(VLOOKUP(port0201!$B$8,Lookup!$A$1:$B$3,2,FALSE),Data!$D:$D,Data!$E:$E,Data!$G:$G),Data!$A:$A,Working!AC$5,Data!$B:$B,53,Data!$C:$C,Working!AC$4,Data!$H:$H,1),3)),IF(port0201!$B$8<>"Units","z",ROUND(SUMIFS(CHOOSE(VLOOKUP(port0201!$B$8,Lookup!$A$1:$B$3,2,FALSE),Data!$D:$D,Data!$E:$E,Data!$H:$H),Data!$A:$A,Working!AC$5,Data!$B:$B,52,Data!$C:$C,Working!AC$4,Data!$F:$F,port0201!$B$9)+SUMIFS(CHOOSE(VLOOKUP(port0201!$B$8,Lookup!$A$1:$B$3,2,FALSE),Data!$D:$D,Data!$E:$E,Data!$H:$H),Data!$A:$A,Working!AC$5,Data!$B:$B,53,Data!$C:$C,Working!AC$4,Data!$F:$F,port0201!$B$9),3))) -> z | AE24: =(AC24-AB24)/AB24 -> #VALUE! | AF24: =AC24-AB24 -> #VALUE! | AJ24: =AB24-AA24 -> #VALUE! | AK24: =AJ24/AA24 -> #VALUE!
A25: Roll-on/roll-off traffic | B25: 54 | C25: Import/Export motor vehicles | D25: =IF(port0201!$B$9="All Routes",IF(port0201!$B$8="TEU","z",ROUND(SUMIFS(CHOOSE(VLOOKUP(port0201!$B$8,Lookup!$A$1:$B$3,2,FALSE),Data!$D:$D,Data!$E:$E,Data!$G:$G),Data!$A:$A,Working!D$5,Data!$B:$B,Working!$B25,Data!$C:$C,Working!D$4,Data!$H:$H,1),3)),IF(port0201!$B$8="TEU","z",ROUND(SUMIFS(CHOOSE(VLOOKUP(port0201!$B$8,Lookup!$A$1:$B$3,2,FALSE),Data!$D:$D,Data!$E:$E,Data!$H:$H),Data!$A:$A,Working!D$5,Data!$B:$B,Working!$B25,Data!$C:$C,Working!D$4,Data!$F:$F,port0201!$B$9),3))) -> 4083.129 | E25: =IF(port0201!$B$9="All Routes",IF(port0201!$B$8="TEU","z",ROUND(SUMIFS(CHOOSE(VLOOKUP(port0201!$B$8,Lookup!$A$1:$B$3,2,FALSE),Data!$D:$D,Data!$E:$E,Data!$G:$G),Data!$A:$A,Working!E$5,Data!$B:$B,Working!$B25,Data!$C:$C,Working!E$4,Data!$H:$H,1),3)),IF(port0201!$B$8="TEU","z",ROUND(SUMIFS(CHOOSE(VLOOKUP(port0201!$B$8,Lookup!$A$1:$B$3,2,FALSE),Data!$D:$D,Data!$E:$E,Data!$H:$H),Data!$A:$A,Working!E$5,Data!$B:$B,Working!$B25,Data!$C:$C,Working!E$4,Data!$F:$F,port0201!$B$9),3))) -> 4023.248 | F25: =IF(port0201!$B$9="All Routes",IF(port0201!$B$8="TEU","z",ROUND(SUMIFS(CHOOSE(VLOOKUP(port0201!$B$8,Lookup!$A$1:$B$3,2,FALSE),Data!$D:$D,Data!$E:$E,Data!$G:$G),Data!$A:$A,Working!F$5,Data!$B:$B,Working!$B25,Data!$C:$C,Working!F$4,Data!$H:$H,1),3)),IF(port0201!$B$8="TEU","z",ROUND(SUMIFS(CHOOSE(VLOOKUP(port0201!$B$8,Lookup!$A$1:$B$3,2,FALSE),Data!$D:$D,Data!$E:$E,Data!$H:$H),Data!$A:$A,Working!F$5,Data!$B:$B,Working!$B25,Data!$C:$C,Working!F$4,Data!$F:$F,port0201!$B$9),3))) -> 4693.293 | G25: =IF(port0201!$B$9="All Routes",IF(port0201!$B$8="TEU","z",ROUND(SUMIFS(CHOOSE(VLOOKUP(port0201!$B$8,Lookup!$A$1:$B$3,2,FALSE),Data!$D:$D,Data!$E:$E,Data!$G:$G),Data!$A:$A,Working!G$5,Data!$B:$B,Working!$B25,Data!$C:$C,Working!G$4,Data!$H:$H,1),3)),IF(port0201!$B$8="TEU","z",ROUND(SUMIFS(CHOOSE(VLOOKUP(port0201!$B$8,Lookup!$A$1:$B$3,2,FALSE),Data!$D:$D,Data!$E:$E,Data!$H:$H),Data!$A:$A,Working!G$5,Data!$B:$B,Working!$B25,Data!$C:$C,Working!G$4,Data!$F:$F,port0201!$B$9),3))) -> 4839.025 | H25: =IF(port0201!$B$9="All Routes",IF(port0201!$B$8="TEU","z",ROUND(SUMIFS(CHOOSE(VLOOKUP(port0201!$B$8,Lookup!$A$1:$B$3,2,FALSE),Data!$D:$D,Data!$E:$E,Data!$G:$G),Data!$A:$A,Working!H$5,Data!$B:$B,Working!$B25,Data!$C:$C,Working!H$4,Data!$H:$H,1),3)),IF(port0201!$B$8="TEU","z",ROUND(SUMIFS(CHOOSE(VLOOKUP(port0201!$B$8,Lookup!$A$1:$B$3,2,FALSE),Data!$D:$D,Data!$E:$E,Data!$H:$H),Data!$A:$A,Working!H$5,Data!$B:$B,Working!$B25,Data!$C:$C,Working!H$4,Data!$F:$F,port0201!$B$9),3))) -> 5267.645 | I25: =IF(port0201!$B$9="All Routes",IF(port0201!$B$8="TEU","z",ROUND(SUMIFS(CHOOSE(VLOOKUP(port0201!$B$8,Lookup!$A$1:$B$3,2,FALSE),Data!$D:$D,Data!$E:$E,Data!$G:$G),Data!$A:$A,Working!I$5,Data!$B:$B,Working!$B25,Data!$C:$C,Working!I$4,Data!$H:$H,1),3)),IF(port0201!$B$8="TEU","z",ROUND(SUMIFS(CHOOSE(VLOOKUP(port0201!$B$8,Lookup!$A$1:$B$3,2,FALSE),Data!$D:$D,Data!$E:$E,Data!$H:$H),Data!$A:$A,Working!I$5,Data!$B:$B,Working!$B25,Data!$C:$C,Working!I$4,Data!$F:$F,port0201!$B$9),3))) -> 5399.736 | J25: =IF(port0201!$B$9="All Routes",IF(port0201!$B$8="TEU","z",ROUND(SUMIFS(CHOOSE(VLOOKUP(port0201!$B$8,Lookup!$A$1:$B$3,2,FALSE),Data!$D:$D,Data!$E:$E,Data!$G:$G),Data!$A:$A,Working!J$5,Data!$B:$B,Working!$B25,Data!$C:$C,Working!J$4,Data!$H:$H,1),3)),IF(port0201!$B$8="TEU","z",ROUND(SUMIFS(CHOOSE(VLOOKUP(port0201!$B$8,Lookup!$A$1:$B$3,2,FALSE),Data!$D:$D,Data!$E:$E,Data!$H:$H),Data!$A:$A,Working!J$5,Data!$B:$B,Working!$B25,Data!$C:$C,Working!J$4,Data!$F:$F,port0201!$B$9),3))) -> 5565.579 | K25: =IF(port0201!$B$9="All Routes",IF(port0201!$B$8="TEU","z",ROUND(SUMIFS(CHOOSE(VLOOKUP(port0201!$B$8,Lookup!$A$1:$B$3,2,FALSE),Data!$D:$D,Data!$E:$E,Data!$G:$G),Data!$A:$A,Working!K$5,Data!$B:$B,Working!$B25,Data!$C:$C,Working!K$4,Data!$H:$H,1),3)),IF(port0201!$B$8="TEU","z",ROUND(SUMIFS(CHOOSE(VLOOKUP(port0201!$B$8,Lookup!$A$1:$B$3,2,FALSE),Data!$D:$D,Data!$E:$E,Data!$H:$H),Data!$A:$A,Working!K$5,Data!$B:$B,Working!$B25,Data!$C:$C,Working!K$4,Data!$F:$F,port0201!$B$9),3))) -> 5931.566 | ... AC25: =IF(port0201!$B$9="All Routes",IF(port0201!$B$8="TEU","z",ROUND(SUMIFS(CHOOSE(VLOOKUP(port0201!$B$8,Lookup!$A$1:$B$3,2,FALSE),Data!$D:$D,Data!$E:$E,Data!$G:$G),Data!$A:$A,Working!AC$5,Data!$B:$B,Working!$B25,Data!$C:$C,Working!AC$4,Data!$H:$H,1),3)),IF(port0201!$B$8="TEU","z",ROUND(SUMIFS(CHOOSE(VLOOKUP(port0201!$B$8,Lookup!$A$1:$B$3,2,FALSE),Data!$D:$D,Data!$E:$E,Data!$H:$H),Data!$A:$A,Working!AC$5,Data!$B:$B,Working!$B25,Data!$C:$C,Working!AC$4,Data!$F:$F,port0201!$B$9),3))) -> 5550.379 | AE25: =(AC25-AB25)/AB25 -> 0.038680244 | AF25: =AC25-AB25 -> 206.695 | AJ25: =AB25-AA25 -> -125.501 | AK25: =AJ25/AA25 -> -0.022946929
A26: Roll-on/roll-off traffic | B26: 63 | C26: Rail wagons, shipborne trailers, barges | D26: =IF(port0201!$B$9="All Routes",IF(port0201!$B$8="TEU","z",ROUND(SUMIFS(CHOOSE(VLOOKUP(port0201!$B$8,Lookup!$A$1:$B$3,2,FALSE),Data!$D:$D,Data!$E:$E,Data!$G:$G),Data!$A:$A,Working!D$5,Data!$B:$B,Working!$B26,Data!$C:$C,Working!D$4,Data!$H:$H,1),3)),IF(port0201!$B$8="TEU","z",ROUND(SUMIFS(CHOOSE(VLOOKUP(port0201!$B$8,Lookup!$A$1:$B$3,2,FALSE),Data!$D:$D,Data!$E:$E,Data!$H:$H),Data!$A:$A,Working!D$5,Data!$B:$B,Working!$B26,Data!$C:$C,Working!D$4,Data!$F:$F,port0201!$B$9),3))) -> 6165.89 | E26: =IF(port0201!$B$9="All Routes",IF(port0201!$B$8="TEU","z",ROUND(SUMIFS(CHOOSE(VLOOKUP(port0201!$B$8,Lookup!$A$1:$B$3,2,FALSE),Data!$D:$D,Data!$E:$E,Data!$G:$G),Data!$A:$A,Working!E$5,Data!$B:$B,Working!$B26,Data!$C:$C,Working!E$4,Data!$H:$H,1),3)),IF(port0201!$B$8="TEU","z",ROUND(SUMIFS(CHOOSE(VLOOKUP(port0201!$B$8,Lookup!$A$1:$B$3,2,FALSE),Data!$D:$D,Data!$E:$E,Data!$H:$H),Data!$A:$A,Working!E$5,Data!$B:$B,Working!$B26,Data!$C:$C,Working!E$4,Data!$F:$F,port0201!$B$9),3))) -> 4846.247 | F26: =IF(port0201!$B$9="All Routes",IF(port0201!$B$8="TEU","z",ROUND(SUMIFS(CHOOSE(VLOOKUP(port0201!$B$8,Lookup!$A$1:$B$3,2,FALSE),Data!$D:$D,Data!$E:$E,Data!$G:$G),Data!$A:$A,Working!F$5,Data!$B:$B,Working!$B26,Data!$C:$C,Working!F$4,Data!$H:$H,1),3)),IF(port0201!$B$8="TEU","z",ROUND(SUMIFS(CHOOSE(VLOOKUP(port0201!$B$8,Lookup!$A$1:$B$3,2,FALSE),Data!$D:$D,Data!$E:$E,Data!$H:$H),Data!$A:$A,Working!F$5,Data!$B:$B,Working!$B26,Data!$C:$C,Working!F$4,Data!$F:$F,port0201!$B$9),3))) -> 5293.569 | G26: =IF(port0201!$B$9="All Routes",IF(port0201!$B$8="TEU","z",ROUND(SUMIFS(CHOOSE(VLOOKUP(port0201!$B$8,Lookup!$A$1:$B$3,2,FALSE),Data!$D:$D,Data!$E:$E,Data!$G:$G),Data!$A:$A,Working!G$5,Data!$B:$B,Working!$B26,Data!$C:$C,Working!G$4,Data!$H:$H,1),3)),IF(port0201!$B$8="TEU","z",ROUND(SUMIFS(CHOOSE(VLOOKUP(port0201!$B$8,Lookup!$A$1:$B$3,2,FALSE),Data!$D:$D,Data!$E:$E,Data!$H:$H),Data!$A:$A,Working!G$5,Data!$B:$B,Working!$B26,Data!$C:$C,Working!G$4,Data!$F:$F,port0201!$B$9),3))) -> 5505.014 | H26: =IF(port0201!$B$9="All Routes",IF(port0201!$B$8="TEU","z",ROUND(SUMIFS(CHOOSE(VLOOKUP(port0201!$B$8,Lookup!$A$1:$B$3,2,FALSE),Data!$D:$D,Data!$E:$E,Data!$G:$G),Data!$A:$A,Working!H$5,Data!$B:$B,Working!$B26,Data!$C:$C,Working!H$4,Data!$H:$H,1),3)),IF(port0201!$B$8="TEU","z",ROUND(SUMIFS(CHOOSE(VLOOKUP(port0201!$B$8,Lookup!$A$1:$B$3,2,FALSE),Data!$D:$D,Data!$E:$E,Data!$H:$H),Data!$A:$A,Working!H$5,Data!$B:$B,Working!$B26,Data!$C:$C,Working!H$4,Data!$F:$F,port0201!$B$9),3))) -> 5483.171 | I26: =IF(port0201!$B$9="All Routes",IF(port0201!$B$8="TEU","z",ROUND(SUMIFS(CHOOSE(VLOOKUP(port0201!$B$8,Lookup!$A$1:$B$3,2,FALSE),Data!$D:$D,Data!$E:$E,Data!$G:$G),Data!$A:$A,Working!I$5,Data!$B:$B,Working!$B26,Data!$C:$C,Working!I$4,Data!$H:$H,1),3)),IF(port0201!$B$8="TEU","z",ROUND(SUMIFS(CHOOSE(VLOOKUP(port0201!$B$8,Lookup!$A$1:$B$3,2,FALSE),Data!$D:$D,Data!$E:$E,Data!$H:$H),Data!$A:$A,Working!I$5,Data!$B:$B,Working!$B26,Data!$C:$C,Working!I$4,Data!$F:$F,port0201!$B$9),3))) -> 10064.44 | J26: =IF(port0201!$B$9="All Routes",IF(port0201!$B$8="TEU","z",ROUND(SUMIFS(CHOOSE(VLOOKUP(port0201!$B$8,Lookup!$A$1:$B$3,2,FALSE),Data!$D:$D,Data!$E:$E,Data!$G:$G),Data!$A:$A,Working!J$5,Data!$B:$B,Working!$B26,Data!$C:$C,Working!J$4,Data!$H:$H,1),3)),IF(port0201!$B$8="TEU","z",ROUND(SUMIFS(CHOOSE(VLOOKUP(port0201!$B$8,Lookup!$A$1:$B$3,2,FALSE),Data!$D:$D,Data!$E:$E,Data!$H:$H),Data!$A:$A,Working!J$5,Data!$B:$B,Working!$B26,Data!$C:$C,Working!J$4,Data!$F:$F,port0201!$B$9),3))) -> 10837.384 | K26: =IF(port0201!$B$9="All Routes",IF(port0201!$B$8="TEU","z",ROUND(SUMIFS(CHOOSE(VLOOKUP(port0201!$B$8,Lookup!$A$1:$B$3,2,FALSE),Data!$D:$D,Data!$E:$E,Data!$G:$G),Data!$A:$A,Working!K$5,Data!$B:$B,Working!$B26,Data!$C:$C,Working!K$4,Data!$H:$H,1),3)),IF(port0201!$B$8="TEU","z",ROUND(SUMIFS(CHOOSE(VLOOKUP(port0201!$B$8,Lookup!$A$1:$B$3,2,FALSE),Data!$D:$D,Data!$E:$E,Data!$H:$H),Data!$A:$A,Working!K$5,Data!$B:$B,Working!$B26,Data!$C:$C,Working!K$4,Data!$F:$F,port0201!$B$9),3))) -> 11098.967 | ... AC26: =IF(port0201!$B$9="All Routes",IF(port0201!$B$8="TEU","z",ROUND(SUMIFS(CHOOSE(VLOOKUP(port0201!$B$8,Lookup!$A$1:$B$3,2,FALSE),Data!$D:$D,Data!$E:$E,Data!$G:$G),Data!$A:$A,Working!AC$5,Data!$B:$B,Working!$B26,Data!$C:$C,Working!AC$4,Data!$H:$H,1),3)),IF(port0201!$B$8="TEU","z",ROUND(SUMIFS(CHOOSE(VLOOKUP(port0201!$B$8,Lookup!$A$1:$B$3,2,FALSE),Data!$D:$D,Data!$E:$E,Data!$H:$H),Data!$A:$A,Working!AC$5,Data!$B:$B,Working!$B26,Data!$C:$C,Working!AC$4,Data!$F:$F,port0201!$B$9),3))) -> 7389.887 | AE26: =(AC26-AB26)/AB26 -> -0.18276171 | AF26: =AC26-AB26 -> -1652.625 | AJ26: =AB26-AA26 -> 411.995 | AK26: =AJ26/AA26 -> 0.047737001
A27: Roll-on/roll-off traffic | B27: 62 | C27: Unaccompanied agri. & industrial vehicles | D27: =IF(port0201!$B$9="All Routes",IF(port0201!$B$8="TEU","z",ROUND(SUMIFS(CHOOSE(VLOOKUP(port0201!$B$8,Lookup!$A$1:$B$3,2,FALSE),Data!$D:$D,Data!$E:$E,Data!$G:$G),Data!$A:$A,Working!D$5,Data!$B:$B,Working!$B27,Data!$C:$C,Working!D$4,Data!$H:$H,1),3)),IF(port0201!$B$8="TEU","z",ROUND(SUMIFS(CHOOSE(VLOOKUP(port0201!$B$8,Lookup!$A$1:$B$3,2,FALSE),Data!$D:$D,Data!$E:$E,Data!$H:$H),Data!$A:$A,Working!D$5,Data!$B:$B,Working!$B27,Data!$C:$C,Working!D$4,Data!$F:$F,port0201!$B$9),3))) -> 569.627 | E27: =IF(port0201!$B$9="All Routes",IF(port0201!$B$8="TEU","z",ROUND(SUMIFS(CHOOSE(VLOOKUP(port0201!$B$8,Lookup!$A$1:$B$3,2,FALSE),Data!$D:$D,Data!$E:$E,Data!$G:$G),Data!$A:$A,Working!E$5,Data!$B:$B,Working!$B27,Data!$C:$C,Working!E$4,Data!$H:$H,1),3)),IF(port0201!$B$8="TEU","z",ROUND(SUMIFS(CHOOSE(VLOOKUP(port0201!$B$8,Lookup!$A$1:$B$3,2,FALSE),Data!$D:$D,Data!$E:$E,Data!$H:$H),Data!$A:$A,Working!E$5,Data!$B:$B,Working!$B27,Data!$C:$C,Working!E$4,Data!$F:$F,port0201!$B$9),3))) -> 798.733 | F27: =IF(port0201!$B$9="All Routes",IF(port0201!$B$8="TEU","z",ROUND(SUMIFS(CHOOSE(VLOOKUP(port0201!$B$8,Lookup!$A$1:$B$3,2,FALSE),Data!$D:$D,Data!$E:$E,Data!$G:$G),Data!$A:$A,Working!F$5,Data!$B:$B,Working!$B27,Data!$C:$C,Working!F$4,Data!$H:$H,1),3)),IF(port0201!$B$8="TEU","z",ROUND(SUMIFS(CHOOSE(VLOOKUP(port0201!$B$8,Lookup!$A$1:$B$3,2,FALSE),Data!$D:$D,Data!$E:$E,Data!$H:$H),Data!$A:$A,Working!F$5,Data!$B:$B,Working!$B27,Data!$C:$C,Working!F$4,Data!$F:$F,port0201!$B$9),3))) -> 616.076 | G27: =IF(port0201!$B$9="All Routes",IF(port0201!$B$8="TEU","z",ROUND(SUMIFS(CHOOSE(VLOOKUP(port0201!$B$8,Lookup!$A$1:$B$3,2,FALSE),Data!$D:$D,Data!$E:$E,Data!$G:$G),Data!$A:$A,Working!G$5,Data!$B:$B,Working!$B27,Data!$C:$C,Working!G$4,Data!$H:$H,1),3)),IF(port0201!$B$8="TEU","z",ROUND(SUMIFS(CHOOSE(VLOOKUP(port0201!$B$8,Lookup!$A$1:$B$3,2,FALSE),Data!$D:$D,Data!$E:$E,Data!$H:$H),Data!$A:$A,Working!G$5,Data!$B:$B,Working!$B27,Data!$C:$C,Working!G$4,Data!$F:$F,port0201!$B$9),3))) -> 649.442 | H27: =IF(port0201!$B$9="All Routes",IF(port0201!$B$8="TEU","z",ROUND(SUMIFS(CHOOSE(VLOOKUP(port0201!$B$8,Lookup!$A$1:$B$3,2,FALSE),Data!$D:$D,Data!$E:$E,Data!$G:$G),Data!$A:$A,Working!H$5,Data!$B:$B,Working!$B27,Data!$C:$C,Working!H$4,Data!$H:$H,1),3)),IF(port0201!$B$8="TEU","z",ROUND(SUMIFS(CHOOSE(VLOOKUP(port0201!$B$8,Lookup!$A$1:$B$3,2,FALSE),Data!$D:$D,Data!$E:$E,Data!$H:$H),Data!$A:$A,Working!H$5,Data!$B:$B,Working!$B27,Data!$C:$C,Working!H$4,Data!$F:$F,port0201!$B$9),3))) -> 878.055 | I27: =IF(port0201!$B$9="All Routes",IF(port0201!$B$8="TEU","z",ROUND(SUMIFS(CHOOSE(VLOOKUP(port0201!$B$8,Lookup!$A$1:$B$3,2,FALSE),Data!$D:$D,Data!$E:$E,Data!$G:$G),Data!$A:$A,Working!I$5,Data!$B:$B,Working!$B27,Data!$C:$C,Working!I$4,Data!$H:$H,1),3)),IF(port0201!$B$8="TEU","z",ROUND(SUMIFS(CHOOSE(VLOOKUP(port0201!$B$8,Lookup!$A$1:$B$3,2,FALSE),Data!$D:$D,Data!$E:$E,Data!$H:$H),Data!$A:$A,Working!I$5,Data!$B:$B,Working!$B27,Data!$C:$C,Working!I$4,Data!$F:$F,port0201!$B$9),3))) -> 422.953 | J27: =IF(port0201!$B$9="All Routes",IF(port0201!$B$8="TEU","z",ROUND(SUMIFS(CHOOSE(VLOOKUP(port0201!$B$8,Lookup!$A$1:$B$3,2,FALSE),Data!$D:$D,Data!$E:$E,Data!$G:$G),Data!$A:$A,Working!J$5,Data!$B:$B,Working!$B27,Data!$C:$C,Working!J$4,Data!$H:$H,1),3)),IF(port0201!$B$8="TEU","z",ROUND(SUMIFS(CHOOSE(VLOOKUP(port0201!$B$8,Lookup!$A$1:$B$3,2,FALSE),Data!$D:$D,Data!$E:$E,Data!$H:$H),Data!$A:$A,Working!J$5,Data!$B:$B,Working!$B27,Data!$C:$C,Working!J$4,Data!$F:$F,port0201!$B$9),3))) -> 1042.841 | K27: =IF(port0201!$B$9="All Routes",IF(port0201!$B$8="TEU","z",ROUND(SUMIFS(CHOOSE(VLOOKUP(port0201!$B$8,Lookup!$A$1:$B$3,2,FALSE),Data!$D:$D,Data!$E:$E,Data!$G:$G),Data!$A:$A,Working!K$5,Data!$B:$B,Working!$B27,Data!$C:$C,Working!K$4,Data!$H:$H,1),3)),IF(port0201!$B$8="TEU","z",ROUND(SUMIFS(CHOOSE(VLOOKUP(port0201!$B$8,Lookup!$A$1:$B$3,2,FALSE),Data!$D:$D,Data!$E:$E,Data!$H:$H),Data!$A:$A,Working!K$5,Data!$B:$B,Working!$B27,Data!$C:$C,Working!K$4,Data!$F:$F,port0201!$B$9),3))) -> 1024.012 | ... AC27: =IF(port0201!$B$9="All Routes",IF(port0201!$B$8="TEU","z",ROUND(SUMIFS(CHOOSE(VLOOKUP(port0201!$B$8,Lookup!$A$1:$B$3,2,FALSE),Data!$D:$D,Data!$E:$E,Data!$G:$G),Data!$A:$A,Working!AC$5,Data!$B:$B,Working!$B27,Data!$C:$C,Working!AC$4,Data!$H:$H,1),3)),IF(port0201!$B$8="TEU","z",ROUND(SUMIFS(CHOOSE(VLOOKUP(port0201!$B$8,Lookup!$A$1:$B$3,2,FALSE),Data!$D:$D,Data!$E:$E,Data!$H:$H),Data!$A:$A,Working!AC$5,Data!$B:$B,Working!$B27,Data!$C:$C,Working!AC$4,Data!$F:$F,port0201!$B$9),3))) -> 153.772 | AE27: =(AC27-AB27)/AB27 -> -0.38271446 | AF27: =AC27-AB27 -> -95.338 | AJ27: =AB27-AA27 -> 6.301 | AK27: =AJ27/AA27 -> 0.025950438
A28: Roll-on/roll-off traffic | B28: 56 | C28: Live animals on the hoof | D28: =IF(port0201!$B$9="All Routes",IF(port0201!$B$8="TEU","z",ROUND(SUMIFS(CHOOSE(VLOOKUP(port0201!$B$8,Lookup!$A$1:$B$3,2,FALSE),Data!$D:$D,Data!$E:$E,Data!$G:$G),Data!$A:$A,Working!D$5,Data!$B:$B,Working!$B28,Data!$C:$C,Working!D$4,Data!$H:$H,1),3)),IF(port0201!$B$8="TEU","z",ROUND(SUMIFS(CHOOSE(VLOOKUP(port0201!$B$8,Lookup!$A$1:$B$3,2,FALSE),Data!$D:$D,Data!$E:$E,Data!$H:$H),Data!$A:$A,Working!D$5,Data!$B:$B,Working!$B28,Data!$C:$C,Working!D$4,Data!$F:$F,port0201!$B$9),3))) -> 20.88 | E28: =IF(port0201!$B$9="All Routes",IF(port0201!$B$8="TEU","z",ROUND(SUMIFS(CHOOSE(VLOOKUP(port0201!$B$8,Lookup!$A$1:$B$3,2,FALSE),Data!$D:$D,Data!$E:$E,Data!$G:$G),Data!$A:$A,Working!E$5,Data!$B:$B,Working!$B28,Data!$C:$C,Working!E$4,Data!$H:$H,1),3)),IF(port0201!$B$8="TEU","z",ROUND(SUMIFS(CHOOSE(VLOOKUP(port0201!$B$8,Lookup!$A$1:$B$3,2,FALSE),Data!$D:$D,Data!$E:$E,Data!$H:$H),Data!$A:$A,Working!E$5,Data!$B:$B,Working!$B28,Data!$C:$C,Working!E$4,Data!$F:$F,port0201!$B$9),3))) -> 8.527 | F28: =IF(port0201!$B$9="All Routes",IF(port0201!$B$8="TEU","z",ROUND(SUMIFS(CHOOSE(VLOOKUP(port0201!$B$8,Lookup!$A$1:$B$3,2,FALSE),Data!$D:$D,Data!$E:$E,Data!$G:$G),Data!$A:$A,Working!F$5,Data!$B:$B,Working!$B28,Data!$C:$C,Working!F$4,Data!$H:$H,1),3)),IF(port0201!$B$8="TEU","z",ROUND(SUMIFS(CHOOSE(VLOOKUP(port0201!$B$8,Lookup!$A$1:$B$3,2,FALSE),Data!$D:$D,Data!$E:$E,Data!$H:$H),Data!$A:$A,Working!F$5,Data!$B:$B,Working!$B28,Data!$C:$C,Working!F$4,Data!$F:$F,port0201!$B$9),3))) -> 0.434 | G28: =IF(port0201!$B$9="All Routes",IF(port0201!$B$8="TEU","z",ROUND(SUMIFS(CHOOSE(VLOOKUP(port0201!$B$8,Lookup!$A$1:$B$3,2,FALSE),Data!$D:$D,Data!$E:$E,Data!$G:$G),Data!$A:$A,Working!G$5,Data!$B:$B,Working!$B28,Data!$C:$C,Working!G$4,Data!$H:$H,1),3)),IF(port0201!$B$8="TEU","z",ROUND(SUMIFS(CHOOSE(VLOOKUP(port0201!$B$8,Lookup!$A$1:$B$3,2,FALSE),Data!$D:$D,Data!$E:$E,Data!$H:$H),Data!$A:$A,Working!G$5,Data!$B:$B,Working!$B28,Data!$C:$C,Working!G$4,Data!$F:$F,port0201!$B$9),3))) -> 0.054 | H28: =IF(port0201!$B$9="All Routes",IF(port0201!$B$8="TEU","z",ROUND(SUMIFS(CHOOSE(VLOOKUP(port0201!$B$8,Lookup!$A$1:$B$3,2,FALSE),Data!$D:$D,Data!$E:$E,Data!$G:$G),Data!$A:$A,Working!H$5,Data!$B:$B,Working!$B28,Data!$C:$C,Working!H$4,Data!$H:$H,1),3)),IF(port0201!$B$8="TEU","z",ROUND(SUMIFS(CHOOSE(VLOOKUP(port0201!$B$8,Lookup!$A$1:$B$3,2,FALSE),Data!$D:$D,Data!$E:$E,Data!$H:$H),Data!$A:$A,Working!H$5,Data!$B:$B,Working!$B28,Data!$C:$C,Working!H$4,Data!$F:$F,port0201!$B$9),3))) -> 0.073 | I28: =IF(port0201!$B$9="All Routes",IF(port0201!$B$8="TEU","z",ROUND(SUMIFS(CHOOSE(VLOOKUP(port0201!$B$8,Lookup!$A$1:$B$3,2,FALSE),Data!$D:$D,Data!$E:$E,Data!$G:$G),Data!$A:$A,Working!I$5,Data!$B:$B,Working!$B28,Data!$C:$C,Working!I$4,Data!$H:$H,1),3)),IF(port0201!$B$8="TEU","z",ROUND(SUMIFS(CHOOSE(VLOOKUP(port0201!$B$8,Lookup!$A$1:$B$3,2,FALSE),Data!$D:$D,Data!$E:$E,Data!$H:$H),Data!$A:$A,Working!I$5,Data!$B:$B,Working!$B28,Data!$C:$C,Working!I$4,Data!$F:$F,port0201!$B$9),3))) -> 0 | J28: =IF(port0201!$B$9="All Routes",IF(port0201!$B$8="TEU","z",ROUND(SUMIFS(CHOOSE(VLOOKUP(port0201!$B$8,Lookup!$A$1:$B$3,2,FALSE),Data!$D:$D,Data!$E:$E,Data!$G:$G),Data!$A:$A,Working!J$5,Data!$B:$B,Working!$B28,Data!$C:$C,Working!J$4,Data!$H:$H,1),3)),IF(port0201!$B$8="TEU","z",ROUND(SUMIFS(CHOOSE(VLOOKUP(port0201!$B$8,Lookup!$A$1:$B$3,2,FALSE),Data!$D:$D,Data!$E:$E,Data!$H:$H),Data!$A:$A,Working!J$5,Data!$B:$B,Working!$B28,Data!$C:$C,Working!J$4,Data!$F:$F,port0201!$B$9),3))) -> 0 | K28: =IF(port0201!$B$9="All Routes",IF(port0201!$B$8="TEU","z",ROUND(SUMIFS(CHOOSE(VLOOKUP(port0201!$B$8,Lookup!$A$1:$B$3,2,FALSE),Data!$D:$D,Data!$E:$E,Data!$G:$G),Data!$A:$A,Working!K$5,Data!$B:$B,Working!$B28,Data!$C:$C,Working!K$4,Data!$H:$H,1),3)),IF(port0201!$B$8="TEU","z",ROUND(SUMIFS(CHOOSE(VLOOKUP(port0201!$B$8,Lookup!$A$1:$B$3,2,FALSE),Data!$D:$D,Data!$E:$E,Data!$H:$H),Data!$A:$A,Working!K$5,Data!$B:$B,Working!$B28,Data!$C:$C,Working!K$4,Data!$F:$F,port0201!$B$9),3))) -> 3 | ... AC28: =IF(port0201!$B$9="All Routes",IF(port0201!$B$8="TEU","z",ROUND(SUMIFS(CHOOSE(VLOOKUP(port0201!$B$8,Lookup!$A$1:$B$3,2,FALSE),Data!$D:$D,Data!$E:$E,Data!$G:$G),Data!$A:$A,Working!AC$5,Data!$B:$B,Working!$B28,Data!$C:$C,Working!AC$4,Data!$H:$H,1),3)),IF(port0201!$B$8="TEU","z",ROUND(SUMIFS(CHOOSE(VLOOKUP(port0201!$B$8,Lookup!$A$1:$B$3,2,FALSE),Data!$D:$D,Data!$E:$E,Data!$H:$H),Data!$A:$A,Working!AC$5,Data!$B:$B,Working!$B28,Data!$C:$C,Working!AC$4,Data!$F:$F,port0201!$B$9),3))) -> 0 | AE28: =(AC28-AB28)/AB28 -> #DIV/0! | AF28: =AC28-AB28 -> 0 | AJ28: =AB28-AA28 -> 0 | AK28: =AJ28/AA28 -> #DIV/0!
A29: Roll-on/roll-off traffic | B29: 59, 69 | C29: Other ro-ro traffic | D29: =IF(port0201!$B$9="All Routes",IF(port0201!$B$8="TEU","z",ROUND(SUMIFS(CHOOSE(VLOOKUP(port0201!$B$8,Lookup!$A$1:$B$3,2,FALSE),Data!$D:$D,Data!$E:$E,Data!$G:$G),Data!$A:$A,Working!D$5,Data!$B:$B,59,Data!$C:$C,Working!D$4,Data!$H:$H,1)+SUMIFS(CHOOSE(VLOOKUP(port0201!$B$8,Lookup!$A$1:$B$3,2,FALSE),Data!$D:$D,Data!$E:$E,Data!$G:$G),Data!$A:$A,Working!D$5,Data!$B:$B,69,Data!$C:$C,Working!D$4,Data!$H:$H,1),3)),IF(port0201!$B$8="TEU","z",ROUND(SUMIFS(CHOOSE(VLOOKUP(port0201!$B$8,Lookup!$A$1:$B$3,2,FALSE),Data!$D:$D,Data!$E:$E,Data!$H:$H),Data!$A:$A,Working!D$5,Data!$B:$B,59,Data!$C:$C,Working!D$4,Data!$F:$F,port0201!$B$9)+SUMIFS(CHOOSE(VLOOKUP(port0201!$B$8,Lookup!$A$1:$B$3,2,FALSE),Data!$D:$D,Data!$E:$E,Data!$H:$H),Data!$A:$A,Working!D$5,Data!$B:$B,69,Data!$C:$C,Working!D$4,Data!$F:$F,port0201!$B$9),3))) -> 1055.437 | E29: =IF(port0201!$B$9="All Routes",IF(port0201!$B$8="TEU","z",ROUND(SUMIFS(CHOOSE(VLOOKUP(port0201!$B$8,Lookup!$A$1:$B$3,2,FALSE),Data!$D:$D,Data!$E:$E,Data!$G:$G),Data!$A:$A,Working!E$5,Data!$B:$B,59,Data!$C:$C,Working!E$4,Data!$H:$H,1)+SUMIFS(CHOOSE(VLOOKUP(port0201!$B$8,Lookup!$A$1:$B$3,2,FALSE),Data!$D:$D,Data!$E:$E,Data!$G:$G),Data!$A:$A,Working!E$5,Data!$B:$B,69,Data!$C:$C,Working!E$4,Data!$H:$H,1),3)),IF(port0201!$B$8="TEU","z",ROUND(SUMIFS(CHOOSE(VLOOKUP(port0201!$B$8,Lookup!$A$1:$B$3,2,FALSE),Data!$D:$D,Data!$E:$E,Data!$H:$H),Data!$A:$A,Working!E$5,Data!$B:$B,59,Data!$C:$C,Working!E$4,Data!$F:$F,port0201!$B$9)+SUMIFS(CHOOSE(VLOOKUP(port0201!$B$8,Lookup!$A$1:$B$3,2,FALSE),Data!$D:$D,Data!$E:$E,Data!$H:$H),Data!$A:$A,Working!E$5,Data!$B:$B,69,Data!$C:$C,Working!E$4,Data!$F:$F,port0201!$B$9),3))) -> 1131.942 | F29: =IF(port0201!$B$9="All Routes",IF(port0201!$B$8="TEU","z",ROUND(SUMIFS(CHOOSE(VLOOKUP(port0201!$B$8,Lookup!$A$1:$B$3,2,FALSE),Data!$D:$D,Data!$E:$E,Data!$G:$G),Data!$A:$A,Working!F$5,Data!$B:$B,59,Data!$C:$C,Working!F$4,Data!$H:$H,1)+SUMIFS(CHOOSE(VLOOKUP(port0201!$B$8,Lookup!$A$1:$B$3,2,FALSE),Data!$D:$D,Data!$E:$E,Data!$G:$G),Data!$A:$A,Working!F$5,Data!$B:$B,69,Data!$C:$C,Working!F$4,Data!$H:$H,1),3)),IF(port0201!$B$8="TEU","z",ROUND(SUMIFS(CHOOSE(VLOOKUP(port0201!$B$8,Lookup!$A$1:$B$3,2,FALSE),Data!$D:$D,Data!$E:$E,Data!$H:$H),Data!$A:$A,Working!F$5,Data!$B:$B,59,Data!$C:$C,Working!F$4,Data!$F:$F,port0201!$B$9)+SUMIFS(CHOOSE(VLOOKUP(port0201!$B$8,Lookup!$A$1:$B$3,2,FALSE),Data!$D:$D,Data!$E:$E,Data!$H:$H),Data!$A:$A,Working!F$5,Data!$B:$B,69,Data!$C:$C,Working!F$4,Data!$F:$F,port0201!$B$9),3))) -> 820.681 | G29: =IF(port0201!$B$9="All Routes",IF(port0201!$B$8="TEU","z",ROUND(SUMIFS(CHOOSE(VLOOKUP(port0201!$B$8,Lookup!$A$1:$B$3,2,FALSE),Data!$D:$D,Data!$E:$E,Data!$G:$G),Data!$A:$A,Working!G$5,Data!$B:$B,59,Data!$C:$C,Working!G$4,Data!$H:$H,1)+SUMIFS(CHOOSE(VLOOKUP(port0201!$B$8,Lookup!$A$1:$B$3,2,FALSE),Data!$D:$D,Data!$E:$E,Data!$G:$G),Data!$A:$A,Working!G$5,Data!$B:$B,69,Data!$C:$C,Working!G$4,Data!$H:$H,1),3)),IF(port0201!$B$8="TEU","z",ROUND(SUMIFS(CHOOSE(VLOOKUP(port0201!$B$8,Lookup!$A$1:$B$3,2,FALSE),Data!$D:$D,Data!$E:$E,Data!$H:$H),Data!$A:$A,Working!G$5,Data!$B:$B,59,Data!$C:$C,Working!G$4,Data!$F:$F,port0201!$B$9)+SUMIFS(CHOOSE(VLOOKUP(port0201!$B$8,Lookup!$A$1:$B$3,2,FALSE),Data!$D:$D,Data!$E:$E,Data!$H:$H),Data!$A:$A,Working!G$5,Data!$B:$B,69,Data!$C:$C,Working!G$4,Data!$F:$F,port0201!$B$9),3))) -> 847.199 | H29: =IF(port0201!$B$9="All Routes",IF(port0201!$B$8="TEU","z",ROUND(SUMIFS(CHOOSE(VLOOKUP(port0201!$B$8,Lookup!$A$1:$B$3,2,FALSE),Data!$D:$D,Data!$E:$E,Data!$G:$G),Data!$A:$A,Working!H$5,Data!$B:$B,59,Data!$C:$C,Working!H$4,Data!$H:$H,1)+SUMIFS(CHOOSE(VLOOKUP(port0201!$B$8,Lookup!$A$1:$B$3,2,FALSE),Data!$D:$D,Data!$E:$E,Data!$G:$G),Data!$A:$A,Working!H$5,Data!$B:$B,69,Data!$C:$C,Working!H$4,Data!$H:$H,1),3)),IF(port0201!$B$8="TEU","z",ROUND(SUMIFS(CHOOSE(VLOOKUP(port0201!$B$8,Lookup!$A$1:$B$3,2,FALSE),Data!$D:$D,Data!$E:$E,Data!$H:$H),Data!$A:$A,Working!H$5,Data!$B:$B,59,Data!$C:$C,Working!H$4,Data!$F:$F,port0201!$B$9)+SUMIFS(CHOOSE(VLOOKUP(port0201!$B$8,Lookup!$A$1:$B$3,2,FALSE),Data!$D:$D,Data!$E:$E,Data!$H:$H),Data!$A:$A,Working!H$5,Data!$B:$B,69,Data!$C:$C,Working!H$4,Data!$F:$F,port0201!$B$9),3))) -> 554.798 | I29: =IF(port0201!$B$9="All Routes",IF(port0201!$B$8="TEU","z",ROUND(SUMIFS(CHOOSE(VLOOKUP(port0201!$B$8,Lookup!$A$1:$B$3,2,FALSE),Data!$D:$D,Data!$E:$E,Data!$G:$G),Data!$A:$A,Working!I$5,Data!$B:$B,59,Data!$C:$C,Working!I$4,Data!$H:$H,1)+SUMIFS(CHOOSE(VLOOKUP(port0201!$B$8,Lookup!$A$1:$B$3,2,FALSE),Data!$D:$D,Data!$E:$E,Data!$G:$G),Data!$A:$A,Working!I$5,Data!$B:$B,69,Data!$C:$C,Working!I$4,Data!$H:$H,1),3)),IF(port0201!$B$8="TEU","z",ROUND(SUMIFS(CHOOSE(VLOOKUP(port0201!$B$8,Lookup!$A$1:$B$3,2,FALSE),Data!$D:$D,Data!$E:$E,Data!$H:$H),Data!$A:$A,Working!I$5,Data!$B:$B,59,Data!$C:$C,Working!I$4,Data!$F:$F,port0201!$B$9)+SUMIFS(CHOOSE(VLOOKUP(port0201!$B$8,Lookup!$A$1:$B$3,2,FALSE),Data!$D:$D,Data!$E:$E,Data!$H:$H),Data!$A:$A,Working!I$5,Data!$B:$B,69,Data!$C:$C,Working!I$4,Data!$F:$F,port0201!$B$9),3))) -> 1090.463 | J29: =IF(port0201!$B$9="All Routes",IF(port0201!$B$8="TEU","z",ROUND(SUMIFS(CHOOSE(VLOOKUP(port0201!$B$8,Lookup!$A$1:$B$3,2,FALSE),Data!$D:$D,Data!$E:$E,Data!$G:$G),Data!$A:$A,Working!J$5,Data!$B:$B,59,Data!$C:$C,Working!J$4,Data!$H:$H,1)+SUMIFS(CHOOSE(VLOOKUP(port0201!$B$8,Lookup!$A$1:$B$3,2,FALSE),Data!$D:$D,Data!$E:$E,Data!$G:$G),Data!$A:$A,Working!J$5,Data!$B:$B,69,Data!$C:$C,Working!J$4,Data!$H:$H,1),3)),IF(port0201!$B$8="TEU","z",ROUND(SUMIFS(CHOOSE(VLOOKUP(port0201!$B$8,Lookup!$A$1:$B$3,2,FALSE),Data!$D:$D,Data!$E:$E,Data!$H:$H),Data!$A:$A,Working!J$5,Data!$B:$B,59,Data!$C:$C,Working!J$4,Data!$F:$F,port0201!$B$9)+SUMIFS(CHOOSE(VLOOKUP(port0201!$B$8,Lookup!$A$1:$B$3,2,FALSE),Data!$D:$D,Data!$E:$E,Data!$H:$H),Data!$A:$A,Working!J$5,Data!$B:$B,69,Data!$C:$C,Working!J$4,Data!$F:$F,port0201!$B$9),3))) -> 759.078 | K29: =IF(port0201!$B$9="All Routes",IF(port0201!$B$8="TEU","z",ROUND(SUMIFS(CHOOSE(VLOOKUP(port0201!$B$8,Lookup!$A$1:$B$3,2,FALSE),Data!$D:$D,Data!$E:$E,Data!$G:$G),Data!$A:$A,Working!K$5,Data!$B:$B,59,Data!$C:$C,Working!K$4,Data!$H:$H,1)+SUMIFS(CHOOSE(VLOOKUP(port0201!$B$8,Lookup!$A$1:$B$3,2,FALSE),Data!$D:$D,Data!$E:$E,Data!$G:$G),Data!$A:$A,Working!K$5,Data!$B:$B,69,Data!$C:$C,Working!K$4,Data!$H:$H,1),3)),IF(port0201!$B$8="TEU","z",ROUND(SUMIFS(CHOOSE(VLOOKUP(port0201!$B$8,Lookup!$A$1:$B$3,2,FALSE),Data!$D:$D,Data!$E:$E,Data!$H:$H),Data!$A:$A,Working!K$5,Data!$B:$B,59,Data!$C:$C,Working!K$4,Data!$F:$F,port0201!$B$9)+SUMIFS(CHOOSE(VLOOKUP(port0201!$B$8,Lookup!$A$1:$B$3,2,FALSE),Data!$D:$D,Data!$E:$E,Data!$H:$H),Data!$A:$A,Working!K$5,Data!$B:$B,69,Data!$C:$C,Working!K$4,Data!$F:$F,port0201!$B$9),3))) -> 613.948 | ... AC29: =IF(port0201!$B$9="All Routes",IF(port0201!$B$8="TEU","z",ROUND(SUMIFS(CHOOSE(VLOOKUP(port0201!$B$8,Lookup!$A$1:$B$3,2,FALSE),Data!$D:$D,Data!$E:$E,Data!$G:$G),Data!$A:$A,Working!AC$5,Data!$B:$B,59,Data!$C:$C,Working!AC$4,Data!$H:$H,1)+SUMIFS(CHOOSE(VLOOKUP(port0201!$B$8,Lookup!$A$1:$B$3,2,FALSE),Data!$D:$D,Data!$E:$E,Data!$G:$G),Data!$A:$A,Working!AC$5,Data!$B:$B,69,Data!$C:$C,Working!AC$4,Data!$H:$H,1),3)),IF(port0201!$B$8="TEU","z",ROUND(SUMIFS(CHOOSE(VLOOKUP(port0201!$B$8,Lookup!$A$1:$B$3,2,FALSE),Data!$D:$D,Data!$E:$E,Data!$H:$H),Data!$A:$A,Working!AC$5,Data!$B:$B,59,Data!$C:$C,Working!AC$4,Data!$F:$F,port0201!$B$9)+SUMIFS(CHOOSE(VLOOKUP(port0201!$B$8,Lookup!$A$1:$B$3,2,FALSE),Data!$D:$D,Data!$E:$E,Data!$H:$H),Data!$A:$A,Working!AC$5,Data!$B:$B,69,Data!$C:$C,Working!AC$4,Data!$F:$F,port0201!$B$9),3))) -> 127.293 | AE29: =(AC29-AB29)/AB29 -> -0.31744551 | AF29: =AC29-AB29 -> -59.202 | AJ29: =AB29-AA29 -> -76.606 | AK29: =AJ29/AA29 -> -0.29116575
A30: Roll-on/roll-off traffic | B30: All Roll-on/roll-off traffic | C30: All Routes roll-on/roll-off traffic | D30: =IF(port0201!$B$8="TEU","z",(ROUND(SUM(D22:D29),3))) -> 85390.115 | E30: =IF(port0201!$B$8="TEU","z",(ROUND(SUM(E22:E29),3))) -> 83187.134 | F30: =IF(port0201!$B$8="TEU","z",(ROUND(SUM(F22:F29),3))) -> 86338.504 | G30: =IF(port0201!$B$8="TEU","z",(ROUND(SUM(G22:G29),3))) -> 86975.768 | H30: =IF(port0201!$B$8="TEU","z",(ROUND(SUM(H22:H29),3))) -> 92804.406 | I30: =IF(port0201!$B$8="TEU","z",(ROUND(SUM(I22:I29),3))) -> 100261.57 | J30: =IF(port0201!$B$8="TEU","z",(ROUND(SUM(J22:J29),3))) -> 104262.86 | K30: =IF(port0201!$B$8="TEU","z",(ROUND(SUM(K22:K29),3))) -> 104693.82 | ... AC30: =IF(port0201!$B$8="TEU","z",(ROUND(SUM(AC22:AC29),3))) -> 97049.59 | AD30: =SUM(AB22:AB29)-AB30 -> 0 | AE30: =(AC30-AB30)/AB30 -> -0.022805441 | AF30: =AC30-AB30 -> -2264.911 | AG30: =(AB30-AA30)/AA30 -> 0.0072407705 | AJ30: =AB30-AA30 -> 713.944 | AK30: =AJ30/AA30 -> 0.0072407705
A31: Other general cargo | B31: 91 | C31: Forestry products | D31: =IF(port0201!$B$9="All Routes",IF(port0201!$B$8<>"Tonnage","z",ROUND(SUMIFS(Data!$D:$D,Data!$A:$A,D$5,Data!$C:$C,D$4,Data!$B:$B,$B31),3)),IF(port0201!$B$8<>"Tonnage","z",ROUND(SUMIFS(Data!$D:$D,Data!$A:$A,D$5,Data!$C:$C,D$4,Data!$B:$B,$B31,Data!$F:$F,port0201!$B$9),3))) -> 9795.165 | E31: =IF(port0201!$B$9="All Routes",IF(port0201!$B$8<>"Tonnage","z",ROUND(SUMIFS(Data!$D:$D,Data!$A:$A,E$5,Data!$C:$C,E$4,Data!$B:$B,$B31),3)),IF(port0201!$B$8<>"Tonnage","z",ROUND(SUMIFS(Data!$D:$D,Data!$A:$A,E$5,Data!$C:$C,E$4,Data!$B:$B,$B31,Data!$F:$F,port0201!$B$9),3))) -> 9404.929 | F31: =IF(port0201!$B$9="All Routes",IF(port0201!$B$8<>"Tonnage","z",ROUND(SUMIFS(Data!$D:$D,Data!$A:$A,F$5,Data!$C:$C,F$4,Data!$B:$B,$B31),3)),IF(port0201!$B$8<>"Tonnage","z",ROUND(SUMIFS(Data!$D:$D,Data!$A:$A,F$5,Data!$C:$C,F$4,Data!$B:$B,$B31,Data!$F:$F,port0201!$B$9),3))) -> 10190.632 | G31: =IF(port0201!$B$9="All Routes",IF(port0201!$B$8<>"Tonnage","z",ROUND(SUMIFS(Data!$D:$D,Data!$A:$A,G$5,Data!$C:$C,G$4,Data!$B:$B,$B31),3)),IF(port0201!$B$8<>"Tonnage","z",ROUND(SUMIFS(Data!$D:$D,Data!$A:$A,G$5,Data!$C:$C,G$4,Data!$B:$B,$B31,Data!$F:$F,port0201!$B$9),3))) -> 10248.771 | H31: =IF(port0201!$B$9="All Routes",IF(port0201!$B$8<>"Tonnage","z",ROUND(SUMIFS(Data!$D:$D,Data!$A:$A,H$5,Data!$C:$C,H$4,Data!$B:$B,$B31),3)),IF(port0201!$B$8<>"Tonnage","z",ROUND(SUMIFS(Data!$D:$D,Data!$A:$A,H$5,Data!$C:$C,H$4,Data!$B:$B,$B31,Data!$F:$F,port0201!$B$9),3))) -> 10557.541 | I31: =IF(port0201!$B$9="All Routes",IF(port0201!$B$8<>"Tonnage","z",ROUND(SUMIFS(Data!$D:$D,Data!$A:$A,I$5,Data!$C:$C,I$4,Data!$B:$B,$B31),3)),IF(port0201!$B$8<>"Tonnage","z",ROUND(SUMIFS(Data!$D:$D,Data!$A:$A,I$5,Data!$C:$C,I$4,Data!$B:$B,$B31,Data!$F:$F,port0201!$B$9),3))) -> 9615.908 | J31: =IF(port0201!$B$9="All Routes",IF(port0201!$B$8<>"Tonnage","z",ROUND(SUMIFS(Data!$D:$D,Data!$A:$A,J$5,Data!$C:$C,J$4,Data!$B:$B,$B31),3)),IF(port0201!$B$8<>"Tonnage","z",ROUND(SUMIFS(Data!$D:$D,Data!$A:$A,J$5,Data!$C:$C,J$4,Data!$B:$B,$B31,Data!$F:$F,port0201!$B$9),3))) -> 8894.216 | K31: =IF(port0201!$B$9="All Routes",IF(port0201!$B$8<>"Tonnage","z",ROUND(SUMIFS(Data!$D:$D,Data!$A:$A,K$5,Data!$C:$C,K$4,Data!$B:$B,$B31),3)),IF(port0201!$B$8<>"Tonnage","z",ROUND(SUMIFS(Data!$D:$D,Data!$A:$A,K$5,Data!$C:$C,K$4,Data!$B:$B,$B31,Data!$F:$F,port0201!$B$9),3))) -> 8986.915 | ... AC31: =IF(port0201!$B$9="All Routes",IF(port0201!$B$8<>"Tonnage","z",ROUND(SUMIFS(Data!$D:$D,Data!$A:$A,AC$5,Data!$C:$C,AC$4,Data!$B:$B,$B31),3)),IF(port0201!$B$8<>"Tonnage","z",ROUND(SUMIFS(Data!$D:$D,Data!$A:$A,AC$5,Data!$C:$C,AC$4,Data!$B:$B,$B31,Data!$F:$F,port0201!$B$9),3))) -> 4494.814 | AE31: =(AC31-AB31)/AB31 -> -0.092397734 | AF31: =AC31-AB31 -> -457.591 | AJ31: =AB31-AA31 -> -242.077 | AK31: =AJ31/AA31 -> -0.046602722
A32: Other general cargo | B32: 92 | C32: Iron and steel products | D32: =IF(port0201!$B$9="All Routes",IF(port0201!$B$8<>"Tonnage","z",ROUND(SUMIFS(Data!$D:$D,Data!$A:$A,D$5,Data!$C:$C,D$4,Data!$B:$B,$B32),3)),IF(port0201!$B$8<>"Tonnage","z",ROUND(SUMIFS(Data!$D:$D,Data!$A:$A,D$5,Data!$C:$C,D$4,Data!$B:$B,$B32,Data!$F:$F,port0201!$B$9),3))) -> 9776.439 | E32: =IF(port0201!$B$9="All Routes",IF(port0201!$B$8<>"Tonnage","z",ROUND(SUMIFS(Data!$D:$D,Data!$A:$A,E$5,Data!$C:$C,E$4,Data!$B:$B,$B32),3)),IF(port0201!$B$8<>"Tonnage","z",ROUND(SUMIFS(Data!$D:$D,Data!$A:$A,E$5,Data!$C:$C,E$4,Data!$B:$B,$B32,Data!$F:$F,port0201!$B$9),3))) -> 9818.155 | F32: =IF(port0201!$B$9="All Routes",IF(port0201!$B$8<>"Tonnage","z",ROUND(SUMIFS(Data!$D:$D,Data!$A:$A,F$5,Data!$C:$C,F$4,Data!$B:$B,$B32),3)),IF(port0201!$B$8<>"Tonnage","z",ROUND(SUMIFS(Data!$D:$D,Data!$A:$A,F$5,Data!$C:$C,F$4,Data!$B:$B,$B32,Data!$F:$F,port0201!$B$9),3))) -> 10261.379 | G32: =IF(port0201!$B$9="All Routes",IF(port0201!$B$8<>"Tonnage","z",ROUND(SUMIFS(Data!$D:$D,Data!$A:$A,G$5,Data!$C:$C,G$4,Data!$B:$B,$B32),3)),IF(port0201!$B$8<>"Tonnage","z",ROUND(SUMIFS(Data!$D:$D,Data!$A:$A,G$5,Data!$C:$C,G$4,Data!$B:$B,$B32,Data!$F:$F,port0201!$B$9),3))) -> 8994.834 | H32: =IF(port0201!$B$9="All Routes",IF(port0201!$B$8<>"Tonnage","z",ROUND(SUMIFS(Data!$D:$D,Data!$A:$A,H$5,Data!$C:$C,H$4,Data!$B:$B,$B32),3)),IF(port0201!$B$8<>"Tonnage","z",ROUND(SUMIFS(Data!$D:$D,Data!$A:$A,H$5,Data!$C:$C,H$4,Data!$B:$B,$B32,Data!$F:$F,port0201!$B$9),3))) -> 10057.262 | I32: =IF(port0201!$B$9="All Routes",IF(port0201!$B$8<>"Tonnage","z",ROUND(SUMIFS(Data!$D:$D,Data!$A:$A,I$5,Data!$C:$C,I$4,Data!$B:$B,$B32),3)),IF(port0201!$B$8<>"Tonnage","z",ROUND(SUMIFS(Data!$D:$D,Data!$A:$A,I$5,Data!$C:$C,I$4,Data!$B:$B,$B32,Data!$F:$F,port0201!$B$9),3))) -> 10350.99 | J32: =IF(port0201!$B$9="All Routes",IF(port0201!$B$8<>"Tonnage","z",ROUND(SUMIFS(Data!$D:$D,Data!$A:$A,J$5,Data!$C:$C,J$4,Data!$B:$B,$B32),3)),IF(port0201!$B$8<>"Tonnage","z",ROUND(SUMIFS(Data!$D:$D,Data!$A:$A,J$5,Data!$C:$C,J$4,Data!$B:$B,$B32,Data!$F:$F,port0201!$B$9),3))) -> 10636.64 | K32: =IF(port0201!$B$9="All Routes",IF(port0201!$B$8<>"Tonnage","z",ROUND(SUMIFS(Data!$D:$D,Data!$A:$A,K$5,Data!$C:$C,K$4,Data!$B:$B,$B32),3)),IF(port0201!$B$8<>"Tonnage","z",ROUND(SUMIFS(Data!$D:$D,Data!$A:$A,K$5,Data!$C:$C,K$4,Data!$B:$B,$B32,Data!$F:$F,port0201!$B$9),3))) -> 12236.459 | ... AC32: =IF(port0201!$B$9="All Routes",IF(port0201!$B$8<>"Tonnage","z",ROUND(SUMIFS(Data!$D:$D,Data!$A:$A,AC$5,Data!$C:$C,AC$4,Data!$B:$B,$B32),3)),IF(port0201!$B$8<>"Tonnage","z",ROUND(SUMIFS(Data!$D:$D,Data!$A:$A,AC$5,Data!$C:$C,AC$4,Data!$B:$B,$B32,Data!$F:$F,port0201!$B$9),3))) -> 7841.408 | AE32: =(AC32-AB32)/AB32 -> 0.12689328 | AF32: =AC32-AB32 -> 882.978 | AJ32: =AB32-AA32 -> 1752.917 | AK32: =AJ32/AA32 -> 0.33674241
A33: Other general cargo | B33: 93 | C33: Wind farm products | D33: =IF(port0201!$B$9="All Routes",IF(port0201!$B$8<>"Tonnage","z",ROUND(SUMIFS(Data!$D:$D,Data!$A:$A,D$5,Data!$C:$C,D$4,Data!$B:$B,$B33),3)),IF(port0201!$B$8<>"Tonnage","z",ROUND(SUMIFS(Data!$D:$D,Data!$A:$A,D$5,Data!$C:$C,D$4,Data!$B:$B,$B33,Data!$F:$F,port0201!$B$9),3))) -> 0 | E33: =IF(port0201!$B$9="All Routes",IF(port0201!$B$8<>"Tonnage","z",ROUND(SUMIFS(Data!$D:$D,Data!$A:$A,E$5,Data!$C:$C,E$4,Data!$B:$B,$B33),3)),IF(port0201!$B$8<>"Tonnage","z",ROUND(SUMIFS(Data!$D:$D,Data!$A:$A,E$5,Data!$C:$C,E$4,Data!$B:$B,$B33,Data!$F:$F,port0201!$B$9),3))) -> 0 | F33: =IF(port0201!$B$9="All Routes",IF(port0201!$B$8<>"Tonnage","z",ROUND(SUMIFS(Data!$D:$D,Data!$A:$A,F$5,Data!$C:$C,F$4,Data!$B:$B,$B33),3)),IF(port0201!$B$8<>"Tonnage","z",ROUND(SUMIFS(Data!$D:$D,Data!$A:$A,F$5,Data!$C:$C,F$4,Data!$B:$B,$B33,Data!$F:$F,port0201!$B$9),3))) -> 0 | G33: =IF(port0201!$B$9="All Routes",IF(port0201!$B$8<>"Tonnage","z",ROUND(SUMIFS(Data!$D:$D,Data!$A:$A,G$5,Data!$C:$C,G$4,Data!$B:$B,$B33),3)),IF(port0201!$B$8<>"Tonnage","z",ROUND(SUMIFS(Data!$D:$D,Data!$A:$A,G$5,Data!$C:$C,G$4,Data!$B:$B,$B33,Data!$F:$F,port0201!$B$9),3))) -> 0 | H33: =IF(port0201!$B$9="All Routes",IF(port0201!$B$8<>"Tonnage","z",ROUND(SUMIFS(Data!$D:$D,Data!$A:$A,H$5,Data!$C:$C,H$4,Data!$B:$B,$B33),3)),IF(port0201!$B$8<>"Tonnage","z",ROUND(SUMIFS(Data!$D:$D,Data!$A:$A,H$5,Data!$C:$C,H$4,Data!$B:$B,$B33,Data!$F:$F,port0201!$B$9),3))) -> 0 | I33: =IF(port0201!$B$9="All Routes",IF(port0201!$B$8<>"Tonnage","z",ROUND(SUMIFS(Data!$D:$D,Data!$A:$A,I$5,Data!$C:$C,I$4,Data!$B:$B,$B33),3)),IF(port0201!$B$8<>"Tonnage","z",ROUND(SUMIFS(Data!$D:$D,Data!$A:$A,I$5,Data!$C:$C,I$4,Data!$B:$B,$B33,Data!$F:$F,port0201!$B$9),3))) -> 0 | J33: =IF(port0201!$B$9="All Routes",IF(port0201!$B$8<>"Tonnage","z",ROUND(SUMIFS(Data!$D:$D,Data!$A:$A,J$5,Data!$C:$C,J$4,Data!$B:$B,$B33),3)),IF(port0201!$B$8<>"Tonnage","z",ROUND(SUMIFS(Data!$D:$D,Data!$A:$A,J$5,Data!$C:$C,J$4,Data!$B:$B,$B33,Data!$F:$F,port0201!$B$9),3))) -> 0 | K33: =IF(port0201!$B$9="All Routes",IF(port0201!$B$8<>"Tonnage","z",ROUND(SUMIFS(Data!$D:$D,Data!$A:$A,K$5,Data!$C:$C,K$4,Data!$B:$B,$B33),3)),IF(port0201!$B$8<>"Tonnage","z",ROUND(SUMIFS(Data!$D:$D,Data!$A:$A,K$5,Data!$C:$C,K$4,Data!$B:$B,$B33,Data!$F:$F,port0201!$B$9),3))) -> 0 | ... AC33: =IF(port0201!$B$9="All Routes",IF(port0201!$B$8<>"Tonnage","z",ROUND(SUMIFS(Data!$D:$D,Data!$A:$A,AC$5,Data!$C:$C,AC$4,Data!$B:$B,$B33),3)),IF(port0201!$B$8<>"Tonnage","z",ROUND(SUMIFS(Data!$D:$D,Data!$A:$A,AC$5,Data!$C:$C,AC$4,Data!$B:$B,$B33,Data!$F:$F,port0201!$B$9),3))) -> 621.503 | AE33: =(AC33-AB33)/AB33 -> #DIV/0! | AF33: =AC33-AB33 -> 621.503 | AJ33: =AB33-AA33 -> 0 | AK33: =AJ33/AA33 -> #DIV/0!
A34: Other general cargo | B34: 99 | C34: General cargo & containers <20' | D34: =IF(port0201!$B$9="All Routes",IF(port0201!$B$8<>"Tonnage","z",ROUND(SUMIFS(Data!$D:$D,Data!$A:$A,D$5,Data!$C:$C,D$4,Data!$B:$B,$B34),3)),IF(port0201!$B$8<>"Tonnage","z",ROUND(SUMIFS(Data!$D:$D,Data!$A:$A,D$5,Data!$C:$C,D$4,Data!$B:$B,$B34,Data!$F:$F,port0201!$B$9),3))) -> 4926.497 | E34: =IF(port0201!$B$9="All Routes",IF(port0201!$B$8<>"Tonnage","z",ROUND(SUMIFS(Data!$D:$D,Data!$A:$A,E$5,Data!$C:$C,E$4,Data!$B:$B,$B34),3)),IF(port0201!$B$8<>"Tonnage","z",ROUND(SUMIFS(Data!$D:$D,Data!$A:$A,E$5,Data!$C:$C,E$4,Data!$B:$B,$B34,Data!$F:$F,port0201!$B$9),3))) -> 6835.019 | F34: =IF(port0201!$B$9="All Routes",IF(port0201!$B$8<>"Tonnage","z",ROUND(SUMIFS(Data!$D:$D,Data!$A:$A,F$5,Data!$C:$C,F$4,Data!$B:$B,$B34),3)),IF(port0201!$B$8<>"Tonnage","z",ROUND(SUMIFS(Data!$D:$D,Data!$A:$A,F$5,Data!$C:$C,F$4,Data!$B:$B,$B34,Data!$F:$F,port0201!$B$9),3))) -> 6685.381 | G34: =IF(port0201!$B$9="All Routes",IF(port0201!$B$8<>"Tonnage","z",ROUND(SUMIFS(Data!$D:$D,Data!$A:$A,G$5,Data!$C:$C,G$4,Data!$B:$B,$B34),3)),IF(port0201!$B$8<>"Tonnage","z",ROUND(SUMIFS(Data!$D:$D,Data!$A:$A,G$5,Data!$C:$C,G$4,Data!$B:$B,$B34,Data!$F:$F,port0201!$B$9),3))) -> 6749.907 | H34: =IF(port0201!$B$9="All Routes",IF(port0201!$B$8<>"Tonnage","z",ROUND(SUMIFS(Data!$D:$D,Data!$A:$A,H$5,Data!$C:$C,H$4,Data!$B:$B,$B34),3)),IF(port0201!$B$8<>"Tonnage","z",ROUND(SUMIFS(Data!$D:$D,Data!$A:$A,H$5,Data!$C:$C,H$4,Data!$B:$B,$B34,Data!$F:$F,port0201!$B$9),3))) -> 6726.459 | I34: =IF(port0201!$B$9="All Routes",IF(port0201!$B$8<>"Tonnage","z",ROUND(SUMIFS(Data!$D:$D,Data!$A:$A,I$5,Data!$C:$C,I$4,Data!$B:$B,$B34),3)),IF(port0201!$B$8<>"Tonnage","z",ROUND(SUMIFS(Data!$D:$D,Data!$A:$A,I$5,Data!$C:$C,I$4,Data!$B:$B,$B34,Data!$F:$F,port0201!$B$9),3))) -> 7342.205 | J34: =IF(port0201!$B$9="All Routes",IF(port0201!$B$8<>"Tonnage","z",ROUND(SUMIFS(Data!$D:$D,Data!$A:$A,J$5,Data!$C:$C,J$4,Data!$B:$B,$B34),3)),IF(port0201!$B$8<>"Tonnage","z",ROUND(SUMIFS(Data!$D:$D,Data!$A:$A,J$5,Data!$C:$C,J$4,Data!$B:$B,$B34,Data!$F:$F,port0201!$B$9),3))) -> 7141.27 | K34: =IF(port0201!$B$9="All Routes",IF(port0201!$B$8<>"Tonnage","z",ROUND(SUMIFS(Data!$D:$D,Data!$A:$A,K$5,Data!$C:$C,K$4,Data!$B:$B,$B34),3)),IF(port0201!$B$8<>"Tonnage","z",ROUND(SUMIFS(Data!$D:$D,Data!$A:$A,K$5,Data!$C:$C,K$4,Data!$B:$B,$B34,Data!$F:$F,port0201!$B$9),3))) -> 6215.027 | ... AC34: =IF(port0201!$B$9="All Routes",IF(port0201!$B$8<>"Tonnage","z",ROUND(SUMIFS(Data!$D:$D,Data!$A:$A,AC$5,Data!$C:$C,AC$4,Data!$B:$B,$B34),3)),IF(port0201!$B$8<>"Tonnage","z",ROUND(SUMIFS(Data!$D:$D,Data!$A:$A,AC$5,Data!$C:$C,AC$4,Data!$B:$B,$B34,Data!$F:$F,port0201!$B$9),3))) -> 3925.821 | AE34: =(AC34-AB34)/AB34 -> -0.22368056 | AF34: =AC34-AB34 -> -1131.145 | AJ34: =AB34-AA34 -> 419.933 | AK34: =AJ34/AA34 -> 0.09056071
A35: Other general cargo | B35: All Other general cargo | C35: All Routes other general cargo traffic | D35: =IF(port0201!$B$8<>"Tonnage","z",ROUND(SUM(D31:D34),3)) -> 24498.101 | E35: =IF(port0201!$B$8<>"Tonnage","z",ROUND(SUM(E31:E34),3)) -> 26058.103 | F35: =IF(port0201!$B$8<>"Tonnage","z",ROUND(SUM(F31:F34),3)) -> 27137.392 | G35: =IF(port0201!$B$8<>"Tonnage","z",ROUND(SUM(G31:G34),3)) -> 25993.512 | H35: =IF(port0201!$B$8<>"Tonnage","z",ROUND(SUM(H31:H34),3)) -> 27341.262 | I35: =IF(port0201!$B$8<>"Tonnage","z",ROUND(SUM(I31:I34),3)) -> 27309.103 | J35: =IF(port0201!$B$8<>"Tonnage","z",ROUND(SUM(J31:J34),3)) -> 26672.126 | K35: =IF(port0201!$B$8<>"Tonnage","z",ROUND(SUM(K31:K34),3)) -> 27438.401 | ... AC35: =IF(port0201!$B$8<>"Tonnage","z",ROUND(SUM(AC31:AC34),3)) -> 16883.546 | AD35: =SUM(AB31:AB34)-AB35 -> 0 | AE35: =(AC35-AB35)/AB35 -> -0.0049655816 | AF35: =AC35-AB35 -> -84.255 | AG35: =(AB35-AA35)/AA35 -> 0.12840124 | AH35: =AB35-AA35 -> 1930.773 | AI35: =(AC35-AB35)/AB35 -> -0.0049655816 | AJ35: =AB35-AA35 -> 1930.773 | AK35: =AJ35/AA35 -> 0.12840124
A36: All cargo | B36: All cargo groups | C36: All Routes traffic | D36: =CHOOSE(VLOOKUP(port0201!$B$8,Lookup!$A$1:$B$3,2,FALSE),D35+D30+D21+D16+D10,D30+D21,D21) -> 555611.54 | E36: =CHOOSE(VLOOKUP(port0201!$B$8,Lookup!$A$1:$B$3,2,FALSE),E35+E30+E21+E16+E10,E30+E21,E21) -> 549454.65 | F36: =CHOOSE(VLOOKUP(port0201!$B$8,Lookup!$A$1:$B$3,2,FALSE),F35+F30+F21+F16+F10,F30+F21,F21) -> 542114.34 | G36: =CHOOSE(VLOOKUP(port0201!$B$8,Lookup!$A$1:$B$3,2,FALSE),G35+G30+G21+G16+G10,G30+G21,G21) -> 538976.56 | H36: =CHOOSE(VLOOKUP(port0201!$B$8,Lookup!$A$1:$B$3,2,FALSE),H35+H30+H21+H16+H10,H30+H21,H21) -> 558183.14 | I36: =CHOOSE(VLOOKUP(port0201!$B$8,Lookup!$A$1:$B$3,2,FALSE),I35+I30+I21+I16+I10,I30+I21,I21) -> 570145.07 | J36: =CHOOSE(VLOOKUP(port0201!$B$8,Lookup!$A$1:$B$3,2,FALSE),J35+J30+J21+J16+J10,J30+J21,J21) -> 568762.53 | K36: =CHOOSE(VLOOKUP(port0201!$B$8,Lookup!$A$1:$B$3,2,FALSE),K35+K30+K21+K16+K10,K30+K21,K21) -> 566617.39 | ... AC36: =CHOOSE(VLOOKUP(port0201!$B$8,Lookup!$A$1:$B$3,2,FALSE),AC35+AC30+AC21+AC16+AC10,AC30+AC21,AC21) -> 419539.23 | AD36: =SUM(AB6:AB9,AB11:AB15,AB17:AB20,AB22:AB29,AB31:AB34)-AB36 -> 0 | AE36: =(AC36-AB36)/AB36 -> -0.0035093049 | AF36: =AC36-AB36 -> -1477.476 | AI36: =AC35-AB35 -> -84.255 | AJ36: =AB36-AA36 -> -4841.791 | AK36: =AJ36/AA36 -> -0.011369483
A37: All Bulk | B37: 11, 12, 13, 22 | C37: Bulk fuels | D37: =IF(port0201!$B$8<>"Tonnage","z",ROUND(D6+D7+D8+D12,3)) -> 304923.89 | E37: =IF(port0201!$B$8<>"Tonnage","z",ROUND(E6+E7+E8+E12,3)) -> 299121.33 | F37: =IF(port0201!$B$8<>"Tonnage","z",ROUND(F6+F7+F8+F12,3)) -> 291535.9 | G37: =IF(port0201!$B$8<>"Tonnage","z",ROUND(G6+G7+G8+G12,3)) -> 285493.59 | H37: =IF(port0201!$B$8<>"Tonnage","z",ROUND(H6+H7+H8+H12,3)) -> 296297.8 | I37: =IF(port0201!$B$8<>"Tonnage","z",ROUND(I6+I7+I8+I12,3)) -> 302186.55 | J37: =IF(port0201!$B$8<>"Tonnage","z",ROUND(J6+J7+J8+J12,3)) -> 294072.34 | K37: =IF(port0201!$B$8<>"Tonnage","z",ROUND(K6+K7+K8+K12,3)) -> 281420.54 | ... AC37: =IF(port0201!$B$8<>"Tonnage","z",ROUND(AC6+AC7+AC8+AC12,3)) -> 155827.28 | AD37: =SUM(AB6:AB8,AB12)-AB37 -> 0 | AE37: =(AC37-AB37)/AB37 -> -0.022597841 | AF37: =AC37-AB37 -> -3602.775 | AJ37: =AB37-AA37 -> -8029.012 | AK37: =AJ37/AA37 -> -0.047946117
A38: All Bulk | B38: 19, 21, 23, 29 | C38: Other bulks | D38: =IF(port0201!$B$8<>"Tonnage","z",ROUND(D9+D11+D13+D15,3)) -> 89228.871 | E38: =IF(port0201!$B$8<>"Tonnage","z",ROUND(E9+E11+E13+E15,3)) -> 89399.188 | F38: =IF(port0201!$B$8<>"Tonnage","z",ROUND(F9+F11+F13+F15,3)) -> 86002.318 | G38: =IF(port0201!$B$8<>"Tonnage","z",ROUND(G9+G11+G13+G15,3)) -> 89234.785 | H38: =IF(port0201!$B$8<>"Tonnage","z",ROUND(H9+H11+H13+H15,3)) -> 85325.282 | I38: =IF(port0201!$B$8<>"Tonnage","z",ROUND(I9+I11+I13+I15,3)) -> 86547.793 | J38: =IF(port0201!$B$8<>"Tonnage","z",ROUND(J9+J11+J13+J15,3)) -> 89395.823 | K38: =IF(port0201!$B$8<>"Tonnage","z",ROUND(K9+K11+K13+K15,3)) -> 92554.988 | ... AC38: =IF(port0201!$B$8<>"Tonnage","z",ROUND(AC9+AC11+AC13+AC15,3)) -> 72960.982 | AD38: =SUM(AB9,AB11,AB13:AB15)-AB38 -> 0 | AE38: =(AC38-AB38)/AB38 -> -0.13771158 | AF38: =AC38-AB38 -> -11652.217 | AJ38: =AB38-AA38 -> -1602.072 | AK38: =AJ38/AA38 -> -0.01858223
A39: All Bulk | B39: All Bulk | C39: All Routes bulk traffic | D39: =IF(port0201!$B$8<>"Tonnage","z",ROUND(SUM(D37:D38),3)) -> 394152.76 | E39: =IF(port0201!$B$8<>"Tonnage","z",ROUND(SUM(E37:E38),3)) -> 388520.52 | F39: =IF(port0201!$B$8<>"Tonnage","z",ROUND(SUM(F37:F38),3)) -> 377538.22 | G39: =IF(port0201!$B$8<>"Tonnage","z",ROUND(SUM(G37:G38),3)) -> 374728.37 | H39: =IF(port0201!$B$8<>"Tonnage","z",ROUND(SUM(H37:H38),3)) -> 381623.08 | I39: =IF(port0201!$B$8<>"Tonnage","z",ROUND(SUM(I37:I38),3)) -> 388734.34 | J39: =IF(port0201!$B$8<>"Tonnage","z",ROUND(SUM(J37:J38),3)) -> 383468.16 | K39: =IF(port0201!$B$8<>"Tonnage","z",ROUND(SUM(K37:K38),3)) -> 373975.53 | ... AC39: =IF(port0201!$B$8<>"Tonnage","z",ROUND(SUM(AC37:AC38),3)) -> 228788.26 | AD39: =SUM(AB37:AB38)-AB39 -> 0 | AE39: =(AC39-AB39)/AB39 -> -0.062509378 | AF39: =AC39-AB39 -> -15254.992 | AJ39: =AB39-AA39 -> -9631.084 | AK39: =AJ39/AA39 -> -0.037966331
A40: Main Freight (Note: This is included in the figures above) | B40: Main Freight (Note: This is included in the figures above) | C40: Lo-Lo main freight | D40: =D21 -> 51570.568 | E40: =E21 -> 51688.897 | F40: =F21 -> 51100.224 | G40: =G21 -> 51278.909 | H40: =H21 -> 56414.391 | I40: =I21 -> 53840.058 | J40: =J21 -> 54359.381 | K40: =K21 -> 60509.644 | ... AC40: =AC21 -> 66882.559 | AE40: =(AC40-AB40)/AB40 -> 0.10201495 | AF40: =AC40-AB40 -> 6191.405 | AJ40: =AB40-AA40 -> 2144.576 | AK40: =AJ40/AA40 -> 0.036630254
A41: Main Freight (Note: This is included in the figures above) | B41: Main Freight (Note: This is included in the figures above) | C41: Ro-Ro main freight | D41: =IFERROR(D22+D23+D26,"z") -> 79661.042 | E41: =IFERROR(E22+E23+E26,"z") -> 77224.684 | F41: =IFERROR(F22+F23+F26,"z") -> 80208.02 | G41: =IFERROR(G22+G23+G26,"z") -> 80640.048 | H41: =IFERROR(H22+H23+H26,"z") -> 86103.835 | I41: =IFERROR(I22+I23+I26,"z") -> 93348.418 | J41: =IFERROR(J22+J23+J26,"z") -> 96895.362 | K41: =IFERROR(K22+K23+K26,"z") -> 97121.293 | ... AC41: =IFERROR(AC22+AC23+AC26,"z") -> 91218.146 | AE41: =(AC41-AB41)/AB41 -> -0.024772125 | AF41: =AC41-AB41 -> -2317.066 | AJ41: =AB41-AA41 -> 909.75 | AK41: =AJ41/AA41 -> 0.0098218134
A42: All main freight | B42: All main freight | C42: All Routes main freight | D42: =IFERROR(D40+D41,D40) -> 131231.61 | E42: =IFERROR(E40+E41,E40) -> 128913.58 | F42: =IFERROR(F40+F41,F40) -> 131308.24 | G42: =IFERROR(G40+G41,G40) -> 131918.96 | H42: =IFERROR(H40+H41,H40) -> 142518.23 | I42: =IFERROR(I40+I41,I40) -> 147188.48 | J42: =IFERROR(J40+J41,J40) -> 151254.74 | K42: =IFERROR(K40+K41,K40) -> 157630.94 | ... AC42: =IFERROR(AC40+AC41,AC40) -> 158100.7 | AE42: =(AC42-AB42)/AB42 -> 0.02512112 | AF42: =AC42-AB42 -> 3874.339 | AJ42: =AB42-AA42 -> 3054.326 | AK42: =AJ42/AA42 -> 0.020204305

Sheet Lookup
A1: Tonnage | B1: 1
A2: Units | B2: 2
A3: TEU | B3: 3
